TimeStamp,Month,Record,Site,Treat,PlotID,Moisture
10/15/2019,Oct,1056,CH,T,5,18.12
10/15/2019,Oct,1057,CH,T,5,16.11
10/15/2019,Oct,1058,CH,T,5,15.57
10/15/2019,Oct,1059,CH,T,4,15.62
10/15/2019,Oct,1060,CH,T,4,22.23
10/15/2019,Oct,1061,CH,T,4,15.68
10/15/2019,Oct,1062,CH,T,3,11.98
10/15/2019,Oct,1063,CH,T,3,9.08
10/15/2019,Oct,1064,CH,T,3,9.860001
10/15/2019,Oct,1065,CH,T,2,8.83
10/15/2019,Oct,1066,CH,T,2,17
10/15/2019,Oct,1067,CH,T,2,9.79
10/15/2019,Oct,1068,CH,T,2,11.42
10/15/2019,Oct,1069,CH,T,1,13.54
10/15/2019,Oct,1070,CH,T,1,10.81
10/15/2019,Oct,1071,CH,T,1,12.8
10/15/2019,Oct,1072,CH,C,1,15.86
10/15/2019,Oct,1073,CH,C,1,15.12
10/15/2019,Oct,1074,CH,C,1,12.16
10/15/2019,Oct,1075,CH,C,2,15.66
10/15/2019,Oct,1076,CH,C,2,18.27
10/15/2019,Oct,1077,CH,C,2,14.06
10/15/2019,Oct,1078,CH,C,3,19.33
10/15/2019,Oct,1079,CH,C,3,13.94
10/15/2019,Oct,1080,CH,C,3,19.08
10/15/2019,Oct,1081,CH,C,4,28.04
10/15/2019,Oct,1082,CH,C,4,20.57
10/15/2019,Oct,1083,CH,C,4,23.67
10/15/2019,Oct,1084,CH,C,5,22.48
10/15/2019,Oct,1085,CH,C,5,22.48
10/15/2019,Oct,1086,CH,C,5,20.15
10/15/2019,Oct,1087,CH,C,5,19.2
10/15/2019,Oct,1088,WL,T,1,15.21
10/15/2019,Oct,1089,WL,T,1,9.420001
10/15/2019,Oct,1090,WL,T,1,13.78
10/15/2019,Oct,1091,WL,T,2,11.45
10/15/2019,Oct,1092,WL,T,2,11.52
10/15/2019,Oct,1093,WL,T,2,10.9
10/15/2019,Oct,1094,WL,T,3,13.44
10/15/2019,Oct,1095,WL,T,3,15.83
10/15/2019,Oct,1096,WL,T,3,13.11
10/15/2019,Oct,1097,WL,T,4,14.67
10/15/2019,Oct,1098,WL,T,4,14.97
10/15/2019,Oct,1099,WL,T,4,11.61
10/15/2019,Oct,1100,WL,T,5,8.42
10/15/2019,Oct,1101,WL,T,5,13.78
10/15/2019,Oct,1102,WL,T,5,13.27
10/15/2019,Oct,1103,WL,C,5,14.44
10/15/2019,Oct,1104,WL,C,5,11.44
10/15/2019,Oct,1105,WL,C,5,10.54
10/15/2019,Oct,1106,WL,C,4,12.19
10/15/2019,Oct,1107,WL,C,4,12.03
10/15/2019,Oct,1108,WL,C,4,9.25
10/15/2019,Oct,1109,WL,C,3,12.62
10/15/2019,Oct,1110,WL,C,3,7.81
10/15/2019,Oct,1111,WL,C,3,14.77
10/15/2019,Oct,1112,WL,C,2,10.84
10/15/2019,Oct,1113,WL,C,2,13.8
10/15/2019,Oct,1114,WL,C,2,10.56
10/15/2019,Oct,1115,WL,C,1,14.37
10/15/2019,Oct,1116,WL,C,1,13.44
10/15/2019,Oct,1117,WL,C,1,12.28
10/15/2019,Oct,1118,CR,T,1,13.12
10/15/2019,Oct,1119,CR,T,1,15.87
10/15/2019,Oct,1120,CR,T,1,12.44
10/15/2019,Oct,1121,CR,T,2,14.51
10/15/2019,Oct,1122,CR,T,2,16.2
10/15/2019,Oct,1123,CR,T,2,14.31
10/15/2019,Oct,1124,CR,T,3,10.41
10/15/2019,Oct,1125,CR,T,3,11.99
10/15/2019,Oct,1126,CR,T,3,13.11
10/15/2019,Oct,1127,CR,T,4,11.09
10/15/2019,Oct,1128,CR,T,4,8.79
10/15/2019,Oct,1129,CR,T,4,9.510001
10/15/2019,Oct,1130,CR,T,5,9.690001
10/15/2019,Oct,1131,CR,T,5,8.99
10/15/2019,Oct,1132,CR,T,5,10.96
10/15/2019,Oct,1133,CR,C,5,11.77
10/15/2019,Oct,1134,CR,C,5,12.54
10/15/2019,Oct,1135,CR,C,5,8.599999
10/15/2019,Oct,1136,CR,C,4,10.31
10/15/2019,Oct,1137,CR,C,4,8.32
10/15/2019,Oct,1138,CR,C,4,8.84
10/15/2019,Oct,1139,CR,C,3,12.46
10/15/2019,Oct,1140,CR,C,3,7.18
10/15/2019,Oct,1141,CR,C,3,10.05
10/15/2019,Oct,1142,CR,C,2,9.490001
10/15/2019,Oct,1143,CR,C,2,12.09
10/15/2019,Oct,1144,CR,C,2,5.79
10/15/2019,Oct,1145,CR,C,1,15.84
10/15/2019,Oct,1146,CR,C,1,12.3
10/15/2019,Oct,1147,CR,C,1,3.49
10/15/2019,Oct,1148,CR,C,1,12.23
10/15/2019,Oct,1149,PP,T,1,2.88
10/15/2019,Oct,1150,PP,T,1,2.26
10/15/2019,Oct,1151,PP,T,1,2.44
10/15/2019,Oct,1152,PP,T,2,2.16
10/15/2019,Oct,1153,PP,T,2,2.28
10/15/2019,Oct,1154,PP,T,2,0.73
10/15/2019,Oct,1155,PP,T,3,1.36
10/15/2019,Oct,1156,PP,T,3,1.31
10/15/2019,Oct,1157,PP,T,3,0.78
10/15/2019,Oct,1158,PP,T,4,2.68
10/15/2019,Oct,1159,PP,T,4,4.02
10/15/2019,Oct,1160,PP,T,4,3.19
10/15/2019,Oct,1161,PP,T,5,2.1
10/15/2019,Oct,1162,PP,T,5,2.88
10/15/2019,Oct,1163,PP,T,5,2.31
10/15/2019,Oct,1164,PP,C,5,0.53
10/15/2019,Oct,1165,PP,C,5,0.09
10/15/2019,Oct,1166,PP,C,5,0.28
10/15/2019,Oct,1167,PP,C,4,0.34
10/15/2019,Oct,1168,PP,C,4,1.85
10/15/2019,Oct,1169,PP,C,4,0.23
10/15/2019,Oct,1170,PP,C,3,2.77
10/15/2019,Oct,1171,PP,C,3,1.15
10/15/2019,Oct,1172,PP,C,3,2.44
10/15/2019,Oct,1173,PP,C,2,3.83
10/15/2019,Oct,1174,PP,C,2,3.16
10/15/2019,Oct,1175,PP,C,2,3.22
10/15/2019,Oct,1176,PP,C,1,0.9699999
10/15/2019,Oct,1177,PP,C,1,1.92
10/15/2019,Oct,1178,PP,C,1,1.33
10/15/2019,Oct,1179,PP,C,1,0.27
10/9/2019,Oct,928,PP,T,2,2.48
10/9/2019,Oct,929,PP,T,1,3.72
10/9/2019,Oct,930,PP,T,1,1.56
10/9/2019,Oct,931,PP,T,1,1.76
10/9/2019,Oct,932,PP,T,2,3.27
10/9/2019,Oct,933,PP,T,2,1.43
10/9/2019,Oct,934,PP,T,3,1.93
10/9/2019,Oct,935,PP,T,3,1.59
10/9/2019,Oct,936,PP,T,3,0.72
10/9/2019,Oct,937,PP,T,3,1.66
10/9/2019,Oct,938,PP,T,4,2.09
10/9/2019,Oct,939,PP,T,4,1.28
10/9/2019,Oct,940,PP,T,4,0.37
10/9/2019,Oct,941,PP,T,5,2.5
10/9/2019,Oct,942,PP,T,5,2.52
10/9/2019,Oct,943,PP,T,5,1.93
10/9/2019,Oct,944,PP,C,1,1.93
10/9/2019,Oct,945,PP,C,1,0.8
10/9/2019,Oct,946,PP,C,1,2.28
10/9/2019,Oct,947,PP,C,2,0.36
10/9/2019,Oct,948,PP,C,2,0.36
10/9/2019,Oct,949,PP,C,2,1.38
10/9/2019,Oct,950,PP,C,2,1.12
10/9/2019,Oct,951,PP,C,2,0.91
10/9/2019,Oct,952,PP,C,3,1.93
10/9/2019,Oct,953,PP,C,3,2.47
10/9/2019,Oct,954,PP,C,3,0.18
10/9/2019,Oct,955,PP,C,4,0
10/9/2019,Oct,956,PP,C,4,1.34
10/9/2019,Oct,957,PP,C,4,0.7900001
10/9/2019,Oct,958,PP,C,5,1.4
10/9/2019,Oct,959,PP,C,5,0
10/9/2019,Oct,960,PP,C,5,0.48
10/9/2019,Oct,961,WL,T,1,14.19
10/9/2019,Oct,962,WL,T,1,12.19
10/9/2019,Oct,963,WL,T,2,13.22
10/9/2019,Oct,964,WL,T,2,11.21
10/9/2019,Oct,965,WL,T,2,12.9
10/9/2019,Oct,966,WL,T,3,11.99
10/9/2019,Oct,967,WL,T,3,12.88
10/9/2019,Oct,968,WL,T,3,14.37
10/9/2019,Oct,969,WL,T,3,13.99
10/9/2019,Oct,970,WL,T,3,12.59
10/9/2019,Oct,971,WL,T,4,11.63
10/9/2019,Oct,972,WL,T,4,11.61
10/9/2019,Oct,973,WL,T,4,14.76
10/9/2019,Oct,975,WL,T,5,14.2
10/9/2019,Oct,976,WL,T,5,11.93
10/9/2019,Oct,977,WL,C,5,8.13
10/9/2019,Oct,978,WL,C,5,5.74
10/9/2019,Oct,979,WL,C,5,7.81
10/9/2019,Oct,980,WL,C,4,5.15
10/9/2019,Oct,981,WL,C,4,5.97
10/9/2019,Oct,982,WL,C,4,4.559999
10/9/2019,Oct,983,WL,C,3,4.88
10/9/2019,Oct,984,WL,C,3,5.76
10/9/2019,Oct,985,WL,C,3,4.8
10/9/2019,Oct,986,WL,C,2,6.53
10/9/2019,Oct,987,WL,C,2,7.74
10/9/2019,Oct,988,WL,C,2,8.7
10/9/2019,Oct,989,WL,C,1,3.4
10/9/2019,Oct,990,WL,C,1,4.4
10/9/2019,Oct,991,WL,C,1,5.24
10/9/2019,Oct,992,WL,C,1,1.34
10/9/2019,Oct,993,CR,T,5,9.27
10/9/2019,Oct,994,CR,T,5,8.97
10/9/2019,Oct,995,CR,T,5,11.95
10/9/2019,Oct,996,CR,T,4,15.15
10/9/2019,Oct,997,CR,T,4,15.32
10/9/2019,Oct,998,CR,T,4,13.48
10/9/2019,Oct,999,CR,T,3,13.42
10/9/2019,Oct,1000,CR,T,3,13.18
10/9/2019,Oct,1001,CR,T,3,14.08
10/9/2019,Oct,1002,CR,T,2,14.54
10/9/2019,Oct,1003,CR,T,2,13.5
10/9/2019,Oct,1004,CR,T,2,16.67
10/9/2019,Oct,1005,CR,T,1,17.2
10/9/2019,Oct,1006,CR,C,1,13.35
10/9/2019,Oct,1007,CR,C,1,7.24
10/9/2019,Oct,1008,CR,C,1,11.76
10/9/2019,Oct,1009,CR,C,2,11.76
10/9/2019,Oct,1010,CR,C,2,5.08
10/9/2019,Oct,1011,CR,C,2,4.69
10/9/2019,Oct,1012,CR,C,3,4.69
10/9/2019,Oct,1013,CR,C,3,11.52
10/9/2019,Oct,1014,CR,C,3,5.9
10/9/2019,Oct,1015,CR,C,4,6.139999
10/9/2019,Oct,1016,CR,C,4,6.69
10/9/2019,Oct,1017,CR,C,4,6.76
10/9/2019,Oct,1018,CR,C,4,5.09
10/9/2019,Oct,1019,CR,C,5,11.11
10/9/2019,Oct,1020,CR,C,5,6.38
10/9/2019,Oct,1021,CR,C,5,5.1
10/9/2019,Oct,1022,CH,T,1,11.65
10/9/2019,Oct,1023,CH,T,1,12.65
10/9/2019,Oct,1024,CH,T,1,11.82
10/9/2019,Oct,1025,CH,T,2,10.14
10/9/2019,Oct,1026,CH,T,2,10.11
10/9/2019,Oct,1027,CH,T,2,13.42
10/9/2019,Oct,1028,CH,T,3,11.71
10/9/2019,Oct,1029,CH,T,3,11.22
10/9/2019,Oct,1030,CH,T,3,9.48
10/9/2019,Oct,1031,CH,T,3,9.48
10/9/2019,Oct,1032,CH,T,3,12.4
10/9/2019,Oct,1033,CH,T,3,7.47
10/9/2019,Oct,1034,CH,T,4,17.92
10/9/2019,Oct,1035,CH,T,4,11.33
10/9/2019,Oct,1036,CH,T,4,10.02
10/9/2019,Oct,1037,CH,T,5,12.07
10/9/2019,Oct,1038,CH,T,5,6.24
10/9/2019,Oct,1039,CH,T,5,13.14
10/9/2019,Oct,1040,CH,C,5,7.8
10/9/2019,Oct,1041,CH,C,5,7.8
10/9/2019,Oct,1042,CH,C,5,10.64
10/9/2019,Oct,1043,CH,C,5,8.76
10/9/2019,Oct,1044,CH,C,4,7.4
10/9/2019,Oct,1045,CH,C,4,4.3
10/9/2019,Oct,1046,CH,C,4,10.98
10/9/2019,Oct,1047,CH,C,3,3.85
10/9/2019,Oct,1048,CH,C,3,9.29
10/9/2019,Oct,1049,CH,C,3,5.64
10/9/2019,Oct,1050,CH,C,2,4.91
10/9/2019,Oct,1051,CH,C,2,9.400001
10/9/2019,Oct,1052,CH,C,2,8.05
10/9/2019,Oct,1053,CH,C,1,11.92
10/9/2019,Oct,1054,CH,C,1,4.69
10/9/2019,Oct,1055,CH,C,1,5.14
10/1/2019,Oct,804,CH,T,1,12.81
10/1/2019,Oct,805,CH,T,1,9.540001
10/1/2019,Oct,806,CH,T,1,11.44
10/1/2019,Oct,807,CH,T,2,10.13
10/1/2019,Oct,808,CH,T,2,6.25
10/1/2019,Oct,809,CH,T,2,6.73
10/1/2019,Oct,810,CH,T,2,14.04
10/1/2019,Oct,811,CH,T,3,8.77
10/1/2019,Oct,812,CH,T,3,11.32
10/1/2019,Oct,813,CH,T,3,12.54
10/1/2019,Oct,814,CH,T,4,14.99
10/1/2019,Oct,815,CH,T,4,9.820001
10/1/2019,Oct,816,CH,T,4,14.53
10/1/2019,Oct,817,CH,T,5,12.03
10/1/2019,Oct,818,CH,T,5,12.95
10/1/2019,Oct,819,CH,T,5,8.51
10/1/2019,Oct,820,CH,C,5,20.49
10/1/2019,Oct,821,CH,C,5,20.51
10/1/2019,Oct,822,CH,C,5,18.85
10/1/2019,Oct,823,CH,C,4,17.58
10/1/2019,Oct,824,CH,C,4,15.47
10/1/2019,Oct,825,CH,C,4,16.41
10/1/2019,Oct,826,CH,C,3,16.23
10/1/2019,Oct,827,CH,C,3,16.37
10/1/2019,Oct,828,CH,C,3,13.95
10/1/2019,Oct,829,CH,C,2,13.23
10/1/2019,Oct,830,CH,C,2,14.38
10/1/2019,Oct,831,CH,C,2,14.06
10/1/2019,Oct,832,CH,C,1,16.37
10/1/2019,Oct,833,CH,C,1,14.99
10/1/2019,Oct,834,CH,C,1,11.87
10/1/2019,Oct,835,CH,C,1,13.48
10/1/2019,Oct,836,WL,T,1,15.63
10/1/2019,Oct,837,WL,T,1,14.52
10/1/2019,Oct,838,WL,T,1,13.34
10/1/2019,Oct,839,WL,T,2,13.69
10/1/2019,Oct,840,WL,T,2,12.02
10/1/2019,Oct,841,WL,T,2,12.94
10/1/2019,Oct,842,WL,T,2,13.11
10/1/2019,Oct,843,WL,T,3,13.19
10/1/2019,Oct,844,WL,T,3,16.27
10/1/2019,Oct,845,WL,T,3,15.7
10/1/2019,Oct,846,WL,T,4,14.32
10/1/2019,Oct,847,WL,T,4,11.83
10/1/2019,Oct,848,WL,T,4,11.51
10/1/2019,Oct,849,WL,T,5,14.9
10/1/2019,Oct,850,WL,T,5,12.55
10/1/2019,Oct,851,WL,T,5,13.75
10/1/2019,Oct,852,WL,C,5,11.12
10/1/2019,Oct,853,WL,C,5,14.03
10/1/2019,Oct,854,WL,C,5,10.16
10/1/2019,Oct,855,WL,C,4,12.08
10/1/2019,Oct,856,WL,C,4,11.72
10/1/2019,Oct,857,WL,C,4,10.7
10/1/2019,Oct,858,WL,C,3,11.4
10/1/2019,Oct,859,WL,C,3,12.56
10/1/2019,Oct,860,WL,C,3,11.88
10/1/2019,Oct,861,WL,C,2,10.94
10/1/2019,Oct,862,WL,C,2,8.66
10/1/2019,Oct,863,WL,C,2,11
10/1/2019,Oct,864,WL,C,2,13.41
10/1/2019,Oct,865,WL,C,1,12.64
10/1/2019,Oct,866,WL,C,1,14.67
10/1/2019,Oct,867,WL,C,1,12.92
10/1/2019,Oct,868,CR,T,5,12.1
10/1/2019,Oct,869,CR,T,5,9.530001
10/1/2019,Oct,870,CR,T,5,9.18
10/1/2019,Oct,871,CR,T,4,13.4
10/1/2019,Oct,872,CR,T,4,13.1
10/1/2019,Oct,873,CR,T,4,15.89
10/1/2019,Oct,874,CR,T,3,13.38
10/1/2019,Oct,875,CR,T,3,10.45
10/1/2019,Oct,876,CR,T,3,13.15
10/1/2019,Oct,877,CR,T,2,14.26
10/1/2019,Oct,878,CR,T,2,14.14
10/1/2019,Oct,879,CR,T,2,13.2
10/1/2019,Oct,880,CR,T,1,12.52
10/1/2019,Oct,881,CR,T,1,10.43
10/1/2019,Oct,882,CR,T,1,16.69
10/1/2019,Oct,883,CR,C,1,13.9
10/1/2019,Oct,884,CR,C,1,11.95
10/1/2019,Oct,885,CR,C,1,15.64
10/1/2019,Oct,886,CR,C,1,13.26
10/1/2019,Oct,887,CR,C,2,22.43
10/1/2019,Oct,888,CR,C,2,9.560001
10/1/2019,Oct,889,CR,C,2,9.31
10/1/2019,Oct,890,CR,C,3,11.22
10/1/2019,Oct,891,CR,C,3,10.41
10/1/2019,Oct,892,CR,C,3,11.78
10/1/2019,Oct,893,CR,C,4,9.990001
10/1/2019,Oct,894,CR,C,4,9.04
10/1/2019,Oct,895,CR,C,4,9.900001
10/1/2019,Oct,896,CR,C,5,9.02
10/1/2019,Oct,897,CR,C,5,7.57
10/1/2019,Oct,898,CR,C,5,11.66
10/1/2019,Oct,899,PP,T,1,1.69
10/1/2019,Oct,900,PP,T,1,1.14
10/1/2019,Oct,901,PP,T,1,2.57
10/1/2019,Oct,902,PP,T,2,4.15
10/1/2019,Oct,903,PP,T,2,0.8300001
10/1/2019,Oct,904,PP,T,2,3.6
10/1/2019,Oct,905,PP,T,3,1.01
10/1/2019,Oct,906,PP,T,3,1.12
10/1/2019,Oct,907,PP,T,3,1.7
10/1/2019,Oct,908,PP,T,3,3.88
10/1/2019,Oct,909,PP,T,4,2.03
10/1/2019,Oct,910,PP,T,4,1.5
10/1/2019,Oct,911,PP,T,4,1.07
10/1/2019,Oct,912,PP,T,5,0.32
10/1/2019,Oct,913,PP,T,5,2.38
10/1/2019,Oct,914,PP,T,5,1.71
10/1/2019,Oct,915,PP,T,5,0.17
10/1/2019,Oct,916,PP,C,5,0.37
10/1/2019,Oct,917,PP,C,5,0.45
10/1/2019,Oct,918,PP,C,5,0
10/1/2019,Oct,919,PP,C,4,0.21
10/1/2019,Oct,920,PP,C,4,2.46
10/1/2019,Oct,921,PP,C,4,1.47
10/1/2019,Oct,922,PP,C,3,1.26
10/1/2019,Oct,923,PP,C,3,0.75
10/1/2019,Oct,924,PP,C,3,0.44
10/1/2019,Oct,925,PP,C,1,0.55
10/1/2019,Oct,926,PP,C,1,2.28
10/1/2019,Oct,927,PP,C,1,0.9
9/23/2019,Sept,676,CH,C,4,20.68
9/23/2019,Sept,677,CH,C,4,15.76
9/23/2019,Sept,686,CH,T,3,8.940001
9/23/2019,Sept,687,CH,T,3,10.38
9/23/2019,Sept,688,CH,T,3,15.27
9/23/2019,Sept,689,CH,T,4,7.44
9/23/2019,Sept,690,CH,T,4,10.74
9/23/2019,Sept,691,CH,T,4,12.2
9/23/2019,Sept,692,CH,T,5,15.41
9/23/2019,Sept,693,CH,T,5,12.17
9/23/2019,Sept,694,CH,T,5,13.15
9/23/2019,Sept,695,CH,T,5,14.89
9/23/2019,Sept,696,CH,C,5,16.64
9/23/2019,Sept,697,CH,C,5,12.21
9/23/2019,Sept,698,CH,C,5,16.8
9/23/2019,Sept,699,CH,C,4,7.44
9/23/2019,Sept,700,CH,C,3,8.900001
9/23/2019,Sept,701,CH,C,3,6.969999
9/23/2019,Sept,702,CH,C,3,7.09
9/23/2019,Sept,703,CH,C,2,6.79
9/23/2019,Sept,704,CH,C,2,7.2
9/23/2019,Sept,705,CH,C,2,7.2
9/23/2019,Sept,706,CH,C,1,4.75
9/23/2019,Sept,707,CH,C,1,9.320001
9/23/2019,Sept,708,CH,C,1,8.71
9/23/2019,Sept,709,WL,T,1,13.05
9/23/2019,Sept,710,WL,T,1,16.71
9/23/2019,Sept,711,WL,T,1,15.22
9/23/2019,Sept,712,WL,T,2,10.9
9/23/2019,Sept,713,WL,T,2,10.27
9/23/2019,Sept,714,WL,T,2,12.9
9/23/2019,Sept,715,WL,T,3,11.74
9/23/2019,Sept,716,WL,T,3,13.91
9/23/2019,Sept,717,WL,T,3,13.91
9/23/2019,Sept,718,WL,T,3,10.9
9/23/2019,Sept,719,WL,T,4,14.39
9/23/2019,Sept,720,WL,T,4,13.98
9/23/2019,Sept,721,WL,T,4,13.17
9/23/2019,Sept,722,WL,T,5,11.82
9/23/2019,Sept,723,WL,T,5,14.56
9/23/2019,Sept,724,WL,T,5,18.21
9/23/2019,Sept,725,WL,C,5,8.32
9/23/2019,Sept,726,WL,C,5,8.08
9/23/2019,Sept,727,WL,C,5,7.69
9/23/2019,Sept,728,WL,C,4,5.01
9/23/2019,Sept,729,WL,C,4,7.52
9/23/2019,Sept,730,WL,C,4,6.22
9/23/2019,Sept,731,WL,C,3,6.28
9/23/2019,Sept,732,WL,C,3,6.35
9/23/2019,Sept,733,WL,C,3,5.3
9/23/2019,Sept,734,WL,C,2,7.35
9/23/2019,Sept,735,WL,C,2,7.29
9/23/2019,Sept,736,WL,C,2,4.24
9/23/2019,Sept,737,WL,C,1,6.44
9/23/2019,Sept,738,WL,C,1,6.15
9/23/2019,Sept,739,WL,C,1,7.98
9/23/2019,Sept,740,CR,T,5,8.73
9/23/2019,Sept,741,CR,T,5,11.57
9/23/2019,Sept,742,CR,T,5,8.820001
9/23/2019,Sept,743,CR,T,4,15.34
9/23/2019,Sept,744,CR,T,4,15.59
9/23/2019,Sept,745,CR,T,4,15.02
9/23/2019,Sept,746,CR,T,3,13.41
9/23/2019,Sept,747,CR,T,3,12.97
9/23/2019,Sept,748,CR,T,3,12.24
9/23/2019,Sept,749,CR,T,2,10.73
9/23/2019,Sept,750,CR,T,2,21.68
9/23/2019,Sept,751,CR,T,2,20.52
9/23/2019,Sept,752,CR,T,1,15.87
9/23/2019,Sept,753,CR,T,1,18.7
9/23/2019,Sept,754,CR,T,1,20.43
9/23/2019,Sept,755,CR,C,1,8.469999
9/23/2019,Sept,756,CR,C,1,10.8
9/23/2019,Sept,757,CR,C,1,6.09
9/23/2019,Sept,758,CR,C,2,5.14
9/23/2019,Sept,759,CR,C,2,11.57
9/23/2019,Sept,760,CR,C,2,6.45
9/23/2019,Sept,761,CR,C,2,3.76
9/23/2019,Sept,762,CR,C,3,5.17
9/23/2019,Sept,763,CR,C,3,6.62
9/23/2019,Sept,764,CR,C,3,6.74
9/23/2019,Sept,765,CR,C,3,7.18
9/23/2019,Sept,766,CR,C,4,7.06
9/23/2019,Sept,767,CR,C,4,6.01
9/23/2019,Sept,768,CR,C,4,8.79
9/23/2019,Sept,769,CR,C,5,5.02
9/23/2019,Sept,770,CR,C,5,7.16
9/23/2019,Sept,771,CR,C,5,7.38
9/23/2019,Sept,772,PP,T,1,2.51
9/23/2019,Sept,773,PP,T,1,2.51
9/23/2019,Sept,774,PP,T,1,3.38
9/23/2019,Sept,775,PP,T,2,3.79
9/23/2019,Sept,776,PP,T,2,2.97
9/23/2019,Sept,777,PP,T,2,2.91
9/23/2019,Sept,778,PP,T,2,2.91
9/23/2019,Sept,779,PP,T,2,2.61
9/23/2019,Sept,780,PP,T,3,1.95
9/23/2019,Sept,781,PP,T,3,3.46
9/23/2019,Sept,782,PP,T,3,1.7
9/23/2019,Sept,783,PP,T,4,3.23
9/23/2019,Sept,784,PP,T,4,2.84
9/23/2019,Sept,785,PP,T,4,3.68
9/23/2019,Sept,786,PP,T,5,2.56
9/23/2019,Sept,787,PP,T,5,4.06
9/23/2019,Sept,788,PP,T,5,3.93
9/23/2019,Sept,789,PP,C,5,1.35
9/23/2019,Sept,790,PP,C,5,1.9
9/23/2019,Sept,791,PP,C,5,0.35
9/23/2019,Sept,792,PP,C,4,1.82
9/23/2019,Sept,793,PP,C,4,1.46
9/23/2019,Sept,794,PP,C,4,0.94
9/23/2019,Sept,795,PP,C,3,4.78
9/23/2019,Sept,796,PP,C,3,1.03
9/23/2019,Sept,797,PP,C,3,1.62
9/23/2019,Sept,798,PP,C,2,1.1
9/23/2019,Sept,799,PP,C,2,1.84
9/23/2019,Sept,800,PP,C,2,0.8
9/23/2019,Sept,801,PP,C,1,0.69
9/23/2019,Sept,802,PP,C,1,2.62
9/23/2019,Sept,803,PP,C,1,2.62
9/17/2019,Sept,552,CH,T,1,16.36
9/17/2019,Sept,553,CH,T,1,14.86
9/17/2019,Sept,554,CH,T,2,11.67
9/17/2019,Sept,555,CH,T,2,11.64
9/17/2019,Sept,556,CH,T,2,11.12
9/17/2019,Sept,557,CH,T,3,8.57
9/17/2019,Sept,558,CH,T,3,11.55
9/17/2019,Sept,559,CH,T,3,11.02
9/17/2019,Sept,560,CH,T,4,13.17
9/17/2019,Sept,561,CH,T,4,12.6
9/17/2019,Sept,562,CH,T,4,11.37
9/17/2019,Sept,563,CH,T,5,10.86
9/17/2019,Sept,564,CH,T,5,10.13
9/17/2019,Sept,565,CH,T,5,10.2
9/17/2019,Sept,566,CH,C,5,18.64
9/17/2019,Sept,567,CH,C,5,16.3
9/17/2019,Sept,568,CH,C,5,19.41
9/17/2019,Sept,569,CH,C,4,14.14
9/17/2019,Sept,570,CH,C,4,19.21
9/17/2019,Sept,571,CH,C,4,18.36
9/17/2019,Sept,572,CH,C,3,15.69
9/17/2019,Sept,573,CH,C,3,17.65
9/17/2019,Sept,574,CH,C,3,15.79
9/17/2019,Sept,575,CH,C,2,18.93
9/17/2019,Sept,576,CH,C,2,19.05
9/17/2019,Sept,577,CH,C,2,16.42
9/17/2019,Sept,578,CH,C,1,14.81
9/17/2019,Sept,579,CH,C,1,13.11
9/17/2019,Sept,580,CH,C,1,13.21
9/17/2019,Sept,581,WL,T,1,14.9
9/17/2019,Sept,582,WL,T,1,19.35
9/17/2019,Sept,583,WL,T,1,16.12
9/17/2019,Sept,584,WL,T,2,14.58
9/17/2019,Sept,585,WL,T,2,14.61
9/17/2019,Sept,586,WL,T,2,14.86
9/17/2019,Sept,587,WL,T,3,15.11
9/17/2019,Sept,588,WL,T,3,14.12
9/17/2019,Sept,589,WL,T,3,14.21
9/17/2019,Sept,590,WL,T,4,13.23
9/17/2019,Sept,591,WL,T,4,14.68
9/17/2019,Sept,592,WL,T,4,14.12
9/17/2019,Sept,593,WL,T,5,13.08
9/17/2019,Sept,594,WL,T,5,14.25
9/17/2019,Sept,595,WL,T,5,14.32
9/17/2019,Sept,596,WL,C,5,12.12
9/17/2019,Sept,597,WL,C,5,12.59
9/17/2019,Sept,598,WL,C,5,12.2
9/17/2019,Sept,599,WL,C,4,12.98
9/17/2019,Sept,600,WL,C,4,12.17
9/17/2019,Sept,601,WL,C,4,12.2
9/17/2019,Sept,602,WL,C,3,13.71
9/17/2019,Sept,603,WL,C,3,14.41
9/17/2019,Sept,604,WL,C,3,13.74
9/17/2019,Sept,605,WL,C,2,16.12
9/17/2019,Sept,606,WL,C,2,13.77
9/17/2019,Sept,607,WL,C,2,15.3
9/17/2019,Sept,608,WL,C,2,12.6
9/17/2019,Sept,609,WL,C,1,10.83
9/17/2019,Sept,610,WL,C,1,11.68
9/17/2019,Sept,611,WL,C,1,10.15
9/17/2019,Sept,612,CR,T,5,14.5
9/17/2019,Sept,613,CR,T,5,16.66
9/17/2019,Sept,614,CR,T,4,18.84
9/17/2019,Sept,615,CR,T,4,15.44
9/17/2019,Sept,616,CR,T,4,16.44
9/17/2019,Sept,617,CR,T,3,14.84
9/17/2019,Sept,618,CR,T,3,15.69
9/17/2019,Sept,619,CR,T,3,14.34
9/17/2019,Sept,620,CR,T,2,15.96
9/17/2019,Sept,621,CR,T,2,16.06
9/17/2019,Sept,622,CR,T,2,17.09
9/17/2019,Sept,623,CR,T,1,19.72
9/17/2019,Sept,624,CR,T,1,22.08
9/17/2019,Sept,625,CR,T,1,17.82
9/17/2019,Sept,626,CR,C,1,17.18
9/17/2019,Sept,627,CR,C,1,19.54
9/17/2019,Sept,628,CR,C,1,16.5
9/17/2019,Sept,629,CR,C,2,29.35
9/17/2019,Sept,630,CR,C,2,12.82
9/17/2019,Sept,631,CR,C,2,22.31
9/17/2019,Sept,632,CR,C,3,7.41
9/17/2019,Sept,633,CR,C,3,7.94
9/17/2019,Sept,634,CR,C,3,6.67
9/17/2019,Sept,635,CR,C,4,10.23
9/17/2019,Sept,636,CR,C,4,12.13
9/17/2019,Sept,637,CR,C,4,12.13
9/17/2019,Sept,638,CR,C,4,13.37
9/17/2019,Sept,639,CR,C,4,11.78
9/17/2019,Sept,640,CR,C,5,11.35
9/17/2019,Sept,641,CR,C,5,10.27
9/17/2019,Sept,642,CR,C,5,12.33
9/17/2019,Sept,643,CR,C,5,9.73
9/17/2019,Sept,644,PP,T,1,2.69
9/17/2019,Sept,645,PP,T,1,4.63
9/17/2019,Sept,646,PP,T,1,4.63
9/17/2019,Sept,647,PP,T,2,2.25
9/17/2019,Sept,648,PP,T,2,2.15
9/17/2019,Sept,649,PP,T,2,5.46
9/17/2019,Sept,650,PP,T,3,3
9/17/2019,Sept,651,PP,T,3,3.17
9/17/2019,Sept,652,PP,T,3,5.07
9/17/2019,Sept,653,PP,T,4,3.66
9/17/2019,Sept,654,PP,T,4,3.66
9/17/2019,Sept,655,PP,T,4,3.47
9/17/2019,Sept,656,PP,T,5,3
9/17/2019,Sept,657,PP,T,5,2.68
9/17/2019,Sept,658,PP,T,5,3.62
9/17/2019,Sept,659,PP,C,5,4.65
9/17/2019,Sept,660,PP,C,5,2.95
9/17/2019,Sept,661,PP,C,5,2.95
9/17/2019,Sept,662,PP,C,4,1.94
9/17/2019,Sept,663,PP,C,4,3.36
9/17/2019,Sept,664,PP,C,4,1.12
9/17/2019,Sept,665,PP,C,3,3.69
9/17/2019,Sept,666,PP,C,3,4.21
9/17/2019,Sept,667,PP,C,3,4.02
9/17/2019,Sept,668,PP,C,2,3.16
9/17/2019,Sept,669,PP,C,2,3.69
9/17/2019,Sept,670,PP,C,2,3.91
9/17/2019,Sept,671,PP,C,1,2.41
9/17/2019,Sept,672,PP,C,1,3.43
9/17/2019,Sept,673,PP,C,1,4.73
9/13/2019,Sept,433,CH,T,1,11.88
9/13/2019,Sept,434,CH,T,1,15.58
9/13/2019,Sept,435,CH,T,1,13.38
9/13/2019,Sept,436,CH,T,1,15.6
9/13/2019,Sept,437,CH,T,2,8.76
9/13/2019,Sept,438,CH,T,2,10.82
9/13/2019,Sept,439,CH,T,2,12.38
9/13/2019,Sept,440,CH,T,3,11
9/13/2019,Sept,441,CH,T,3,12.54
9/13/2019,Sept,442,CH,T,3,13.6
9/13/2019,Sept,443,CH,T,4,10.54
9/13/2019,Sept,444,CH,T,4,13.31
9/13/2019,Sept,445,CH,T,5,12.24
9/13/2019,Sept,446,CH,T,5,15.66
9/13/2019,Sept,447,CH,T,5,10.01
9/13/2019,Sept,448,CH,C,5,20.6
9/13/2019,Sept,449,CH,C,5,19.82
9/13/2019,Sept,450,CH,C,5,11.57
9/13/2019,Sept,451,CH,C,4,13.44
9/13/2019,Sept,452,CH,C,4,17.67
9/13/2019,Sept,453,CH,C,4,15.7
9/13/2019,Sept,454,CH,C,3,11.52
9/13/2019,Sept,455,CH,C,3,11.03
9/13/2019,Sept,456,CH,C,3,16.57
9/13/2019,Sept,457,CH,C,2,14.07
9/13/2019,Sept,458,CH,C,2,16.01
9/13/2019,Sept,459,CH,C,2,12.24
9/13/2019,Sept,460,CH,C,1,16.23
9/13/2019,Sept,461,CH,C,1,15.02
9/13/2019,Sept,462,CH,C,1,12.62
9/13/2019,Sept,463,WL,T,1,10.53
9/13/2019,Sept,464,WL,T,1,14.86
9/13/2019,Sept,465,WL,T,1,13.6
9/13/2019,Sept,466,WL,T,1,11.78
9/13/2019,Sept,467,WL,T,2,14.66
9/13/2019,Sept,468,WL,T,2,15.17
9/13/2019,Sept,469,WL,T,2,15.94
9/13/2019,Sept,470,WL,T,3,15.46
9/13/2019,Sept,471,WL,T,3,14.27
9/13/2019,Sept,472,WL,T,3,10.47
9/13/2019,Sept,473,WL,T,4,14.87
9/13/2019,Sept,474,WL,T,4,13.99
9/13/2019,Sept,475,WL,T,4,13.7
9/13/2019,Sept,477,WL,T,5,11.96
9/13/2019,Sept,478,WL,T,5,14.63
9/13/2019,Sept,479,WL,T,5,14.72
9/13/2019,Sept,480,WL,C,5,8.46
9/13/2019,Sept,481,WL,C,5,9.72
9/13/2019,Sept,482,WL,C,5,9.48
9/13/2019,Sept,483,WL,C,4,11.69
9/13/2019,Sept,484,WL,C,4,11.53
9/13/2019,Sept,485,WL,C,4,11.5
9/13/2019,Sept,486,WL,C,3,9.39
9/13/2019,Sept,487,WL,C,3,8.71
9/13/2019,Sept,488,WL,C,3,11.45
9/13/2019,Sept,489,WL,C,2,14.16
9/13/2019,Sept,490,WL,C,2,10.3
9/13/2019,Sept,491,WL,C,2,8.5
9/13/2019,Sept,492,WL,C,2,12.15
9/13/2019,Sept,493,WL,C,1,10.4
9/13/2019,Sept,494,WL,C,1,9.31
9/13/2019,Sept,495,WL,C,1,8.91
9/13/2019,Sept,496,CR,T,5,14.01
9/13/2019,Sept,497,CR,T,5,16.84
9/13/2019,Sept,498,CR,T,5,10.27
9/13/2019,Sept,499,CR,T,4,20.87
9/13/2019,Sept,500,CR,T,4,25.79
9/13/2019,Sept,501,CR,T,4,22.1
9/13/2019,Sept,502,CR,T,3,20.68
9/13/2019,Sept,503,CR,T,3,18.83
9/13/2019,Sept,504,CR,T,3,18.36
9/13/2019,Sept,505,CR,T,2,16.45
9/13/2019,Sept,506,CR,T,2,11.89
9/13/2019,Sept,507,CR,T,2,25.78
9/13/2019,Sept,508,CR,T,2,19.64
9/13/2019,Sept,509,CR,T,1,18.96
9/13/2019,Sept,510,CR,T,1,23.64
9/13/2019,Sept,511,CR,T,1,21.17
9/13/2019,Sept,512,CR,C,1,21.34
9/13/2019,Sept,513,CR,C,1,14.59
9/13/2019,Sept,514,CR,C,1,21.83
9/13/2019,Sept,515,CR,C,2,14.27
9/13/2019,Sept,516,CR,C,2,30.64
9/13/2019,Sept,517,CR,C,2,28.21
9/13/2019,Sept,518,CR,C,3,8.669999
9/13/2019,Sept,519,CR,C,3,15.64
9/13/2019,Sept,520,CR,C,3,12.67
9/13/2019,Sept,521,CR,C,4,11.89
9/13/2019,Sept,522,CR,C,4,14.6
9/13/2019,Sept,523,CR,C,4,14.66
9/13/2019,Sept,524,CR,C,5,13.48
9/13/2019,Sept,525,CR,C,5,11.43
9/13/2019,Sept,526,CR,C,5,13.45
9/13/2019,Sept,527,PP,T,1,2.88
9/13/2019,Sept,528,PP,T,1,5.74
9/13/2019,Sept,529,PP,T,1,4.6
9/13/2019,Sept,530,PP,T,2,3.37
9/13/2019,Sept,531,PP,T,2,3.3
9/13/2019,Sept,532,PP,T,2,3.93
9/13/2019,Sept,533,PP,T,4,4.35
9/13/2019,Sept,534,PP,T,4,4.28
9/13/2019,Sept,535,PP,T,4,3.93
9/13/2019,Sept,536,PP,T,5,6.35
9/13/2019,Sept,537,PP,T,5,3.84
9/13/2019,Sept,538,PP,C,5,1.31
9/13/2019,Sept,539,PP,C,5,3.97
9/13/2019,Sept,540,PP,C,4,1.76
9/13/2019,Sept,541,PP,C,4,2.81
9/13/2019,Sept,542,PP,C,4,1.51
9/13/2019,Sept,543,PP,C,3,3.04
9/13/2019,Sept,544,PP,C,3,3.28
9/13/2019,Sept,545,PP,C,3,1.87
9/13/2019,Sept,546,PP,C,2,4.19
9/13/2019,Sept,547,PP,C,2,4.31
9/13/2019,Sept,548,PP,C,2,3.14
9/13/2019,Sept,549,PP,C,1,2.54
9/13/2019,Sept,550,PP,C,1,1.45
9/13/2019,Sept,551,PP,C,1,2.02
9/10/2019,Sept,369,CR,T,5,23.17
9/10/2019,Sept,370,CR,T,5,14.21
9/10/2019,Sept,371,CR,T,5,17.61
9/10/2019,Sept,372,CR,T,4,17.9
9/10/2019,Sept,373,CR,T,4,18.65
9/10/2019,Sept,374,CR,T,4,34.21
9/10/2019,Sept,375,CR,T,4,34.21
9/10/2019,Sept,376,CR,T,3,18.35
9/10/2019,Sept,377,CR,T,3,21.99
9/10/2019,Sept,378,CR,T,3,14.53
9/10/2019,Sept,379,CR,T,3,17.43
9/10/2019,Sept,380,CR,T,2,17.41
9/10/2019,Sept,381,CR,T,2,17.44
9/10/2019,Sept,382,CR,T,2,24.15
9/10/2019,Sept,383,CR,T,1,19.3
9/10/2019,Sept,384,CR,T,1,26.38
9/10/2019,Sept,385,CR,T,1,20.17
9/10/2019,Sept,386,CR,C,1,16.37
9/10/2019,Sept,387,CR,C,1,16.37
9/10/2019,Sept,388,CR,C,1,22.84
9/10/2019,Sept,389,CR,C,1,24.33
9/10/2019,Sept,390,CR,C,2,35.13
9/10/2019,Sept,391,CR,C,2,21.19
9/10/2019,Sept,392,CR,C,2,28.77
9/10/2019,Sept,393,CR,C,3,16.07
9/10/2019,Sept,394,CR,C,3,16.3
9/10/2019,Sept,395,CR,C,3,15.41
9/10/2019,Sept,396,CR,C,4,14.17
9/10/2019,Sept,397,CR,C,4,23.36
9/10/2019,Sept,398,CR,C,4,20.74
9/10/2019,Sept,399,CR,C,5,19.7
9/10/2019,Sept,400,CR,C,5,16.51
9/10/2019,Sept,401,CR,C,5,16.51
9/10/2019,Sept,402,CR,C,5,17.23
9/10/2019,Sept,403,PP,T,1,10.75
9/10/2019,Sept,404,PP,T,1,6.159999
9/10/2019,Sept,405,PP,T,1,9.39
9/10/2019,Sept,406,PP,T,2,6.69
9/10/2019,Sept,407,PP,T,2,6.33
9/10/2019,Sept,408,PP,T,2,5.23
9/10/2019,Sept,409,PP,T,3,3.88
9/10/2019,Sept,410,PP,T,3,4.08
9/10/2019,Sept,411,PP,T,3,4.42
9/10/2019,Sept,412,PP,T,4,5.13
9/10/2019,Sept,413,PP,T,4,3.74
9/10/2019,Sept,414,PP,T,4,4.34
9/10/2019,Sept,415,PP,T,5,6.179999
9/10/2019,Sept,416,PP,T,5,5.52
9/10/2019,Sept,417,PP,T,5,5.05
9/10/2019,Sept,418,PP,C,5,5.9
9/10/2019,Sept,419,PP,C,5,4.68
9/10/2019,Sept,420,PP,C,5,3.79
9/10/2019,Sept,421,PP,C,4,4.46
9/10/2019,Sept,422,PP,C,4,4.95
9/10/2019,Sept,423,PP,C,4,5.89
9/10/2019,Sept,424,PP,C,3,5.22
9/10/2019,Sept,425,PP,C,3,2.7
9/10/2019,Sept,426,PP,C,3,7.48
9/10/2019,Sept,427,PP,C,2,7.23
9/10/2019,Sept,428,PP,C,2,2.53
9/10/2019,Sept,429,PP,C,2,2.53
9/10/2019,Sept,430,PP,C,1,10.28
9/10/2019,Sept,431,PP,C,1,3.78
9/10/2019,Sept,432,PP,C,1,8.940001
9/9/2019,Sept,310,CH,T,1,8.900001
9/9/2019,Sept,311,CH,T,1,12.16
9/9/2019,Sept,312,CH,T,1,13.7
9/9/2019,Sept,313,CH,T,1,10.71
9/9/2019,Sept,314,CH,T,2,10.29
9/9/2019,Sept,315,CH,T,2,10.38
9/9/2019,Sept,316,CH,T,2,11.56
9/9/2019,Sept,317,CH,T,3,6.469999
9/9/2019,Sept,318,CH,T,3,12.04
9/9/2019,Sept,319,CH,T,3,12.12
9/9/2019,Sept,320,CH,T,4,13.04
9/9/2019,Sept,321,CH,T,4,14.66
9/9/2019,Sept,322,CH,T,4,11.61
9/9/2019,Sept,323,CH,T,5,11.19
9/9/2019,Sept,324,CH,T,5,11.7
9/9/2019,Sept,325,CH,T,5,13.69
9/9/2019,Sept,326,CH,C,5,11.28
9/9/2019,Sept,327,CH,C,5,15.02
9/9/2019,Sept,328,CH,C,5,13.14
9/9/2019,Sept,329,CH,C,4,8.07
9/9/2019,Sept,330,CH,C,4,14.06
9/9/2019,Sept,331,CH,C,4,7.51
9/9/2019,Sept,332,CH,C,3,12.84
9/9/2019,Sept,333,CH,C,3,14.67
9/9/2019,Sept,334,CH,C,3,16.84
9/9/2019,Sept,335,CH,C,2,7.74
9/9/2019,Sept,336,CH,C,2,12.94
9/9/2019,Sept,337,CH,C,2,17.53
9/9/2019,Sept,338,CH,C,1,10.17
9/9/2019,Sept,339,CH,C,1,11.46
9/9/2019,Sept,340,WL,T,1,13.83
9/9/2019,Sept,341,WL,T,1,8.13
9/9/2019,Sept,342,WL,T,1,11.4
9/9/2019,Sept,343,WL,T,2,11.98
9/9/2019,Sept,344,WL,T,2,12.2
9/9/2019,Sept,345,WL,T,2,11.29
9/9/2019,Sept,346,WL,T,3,12.58
9/9/2019,Sept,347,WL,T,3,13.22
9/9/2019,Sept,348,WL,T,3,8.42
9/9/2019,Sept,349,WL,T,4,9.960001
9/9/2019,Sept,350,WL,T,4,11.86
9/9/2019,Sept,351,WL,T,4,8.73
9/9/2019,Sept,352,WL,T,5,9.400001
9/9/2019,Sept,353,WL,T,5,7.99
9/9/2019,Sept,354,WL,C,5,5.7
9/9/2019,Sept,355,WL,C,5,8.33
9/9/2019,Sept,356,WL,C,5,4.53
9/9/2019,Sept,357,WL,C,4,10.47
9/9/2019,Sept,358,WL,C,4,9.13
9/9/2019,Sept,359,WL,C,4,9.33
9/9/2019,Sept,360,WL,C,3,11.41
9/9/2019,Sept,361,WL,C,3,9.440001
9/9/2019,Sept,362,WL,C,3,9.440001
9/9/2019,Sept,363,WL,C,1,9.38
9/9/2019,Sept,364,WL,C,1,7.969999
9/9/2019,Sept,365,WL,C,1,8.28
9/9/2019,Sept,366,WL,C,2,12.65
9/9/2019,Sept,367,WL,C,2,12.65
9/9/2019,Sept,368,WL,C,2,10.29
9/1/2019,Sept,231,CR,C,4,10.76
9/1/2019,Sept,232,CR,C,4,10.76
9/1/2019,Sept,233,CR,C,4,10.69
9/1/2019,Sept,234,CR,C,4,14.66
9/1/2019,Sept,235,CR,C,5,9.78
9/1/2019,Sept,236,CR,C,5,9.78
9/1/2019,Sept,237,CR,C,5,12.57
9/1/2019,Sept,238,CR,C,5,11.89
9/1/2019,Sept,239,WL,T,1,18.75
9/1/2019,Sept,240,WL,T,1,18.75
9/1/2019,Sept,241,WL,T,1,13.04
9/1/2019,Sept,242,WL,T,1,17.63
9/1/2019,Sept,243,WL,T,2,10.79
9/1/2019,Sept,244,WL,T,2,12.45
9/1/2019,Sept,245,WL,T,2,12.45
9/1/2019,Sept,246,WL,T,2,13.08
9/1/2019,Sept,247,WL,T,3,16.02
9/1/2019,Sept,248,WL,T,3,15.43
9/1/2019,Sept,249,WL,T,3,13.46
9/1/2019,Sept,250,WL,T,4,12.49
9/1/2019,Sept,251,WL,T,4,14.63
9/1/2019,Sept,252,WL,T,5,15.06
9/1/2019,Sept,253,WL,T,5,15.06
9/1/2019,Sept,254,WL,T,5,14.6
9/1/2019,Sept,255,WL,T,5,14.06
9/1/2019,Sept,256,WL,C,5,10.67
9/1/2019,Sept,257,WL,C,5,10.67
9/1/2019,Sept,258,WL,C,5,10.21
9/1/2019,Sept,259,WL,C,5,6.469999
9/1/2019,Sept,260,WL,C,4,16.81
9/1/2019,Sept,261,WL,C,4,8.57
9/1/2019,Sept,262,WL,C,4,8.57
9/1/2019,Sept,263,WL,C,4,7.84
9/1/2019,Sept,264,WL,C,4,9.3
9/1/2019,Sept,265,WL,C,3,10.64
9/1/2019,Sept,266,WL,C,3,10.64
9/1/2019,Sept,267,WL,C,3,10.04
9/1/2019,Sept,268,WL,C,3,8.56
9/1/2019,Sept,269,WL,C,2,13.88
9/1/2019,Sept,270,WL,C,2,13.88
9/1/2019,Sept,271,WL,C,2,9.610001
9/1/2019,Sept,272,WL,C,2,7.45
9/1/2019,Sept,273,WL,C,1,8.62
9/1/2019,Sept,274,WL,C,1,9.530001
9/1/2019,Sept,275,WL,C,1,8.379999
9/1/2019,Sept,276,PP,T,1,2.64
9/1/2019,Sept,277,PP,T,1,3.14
9/1/2019,Sept,278,PP,T,1,2.63
9/1/2019,Sept,279,PP,T,2,2.66
9/1/2019,Sept,280,PP,T,2,3.43
9/1/2019,Sept,281,PP,T,2,3.55
9/1/2019,Sept,282,PP,T,3,2.41
9/1/2019,Sept,283,PP,T,3,2.54
9/1/2019,Sept,284,PP,T,3,2.61
9/1/2019,Sept,285,PP,T,4,4.29
9/1/2019,Sept,286,PP,T,4,2.56
9/1/2019,Sept,287,PP,T,4,3.53
9/1/2019,Sept,288,PP,T,5,4.37
9/1/2019,Sept,289,PP,T,5,4.37
9/1/2019,Sept,290,PP,T,5,2.92
9/1/2019,Sept,291,PP,T,5,3.31
9/1/2019,Sept,292,PP,C,5,0.25
9/1/2019,Sept,293,PP,C,5,1.49
9/1/2019,Sept,294,PP,C,5,3.54
9/1/2019,Sept,295,PP,C,4,0.38
9/1/2019,Sept,296,PP,C,4,0.69
9/1/2019,Sept,297,PP,C,4,1.65
9/1/2019,Sept,298,PP,C,4,1.65
9/1/2019,Sept,299,PP,C,3,1.65
9/1/2019,Sept,300,PP,C,3,1.56
9/1/2019,Sept,301,PP,C,3,3.27
9/1/2019,Sept,302,PP,C,3,0.63
9/1/2019,Sept,303,PP,C,2,2.6
9/1/2019,Sept,304,PP,C,2,1.99
9/1/2019,Sept,305,PP,C,2,0.74
9/1/2019,Sept,306,PP,C,1,1.46
9/1/2019,Sept,307,PP,C,1,0.68
9/1/2019,Sept,308,PP,C,1,1.15
9/1/2019,Sept,309,PP,C,1,1.91
8/29/2019,Aug,5,WL,C,1,7.84
8/29/2019,Aug,6,WL,C,1,7.84
8/29/2019,Aug,7,WL,C,1,8.54
8/29/2019,Aug,8,WL,C,1,6.8
8/29/2019,Aug,9,WL,C,2,8.599999
8/29/2019,Aug,10,WL,C,2,8.599999
8/29/2019,Aug,11,WL,C,2,8.74
8/29/2019,Aug,12,WL,C,2,6.360001
8/29/2019,Aug,13,WL,C,3,6.360001
8/29/2019,Aug,14,WL,C,3,6.360001
8/29/2019,Aug,15,WL,C,3,7.98
8/29/2019,Aug,16,WL,C,3,6.57
8/29/2019,Aug,17,WL,C,4,7.14
8/29/2019,Aug,18,WL,C,4,7.14
8/29/2019,Aug,19,WL,C,4,7.49
8/29/2019,Aug,20,WL,C,4,7.72
8/29/2019,Aug,21,WL,C,5,7.72
8/29/2019,Aug,22,WL,C,5,7.72
8/29/2019,Aug,23,WL,C,5,6.38
8/29/2019,Aug,24,WL,C,5,6.7
8/29/2019,Aug,25,WL,C,5,4.92
8/29/2019,Aug,26,WL,T,5,13.79
8/29/2019,Aug,27,WL,T,5,13.79
8/29/2019,Aug,28,WL,T,5,11.38
8/29/2019,Aug,29,WL,T,5,12.23
8/29/2019,Aug,30,WL,T,4,9.97
8/29/2019,Aug,31,WL,T,4,9.97
8/29/2019,Aug,32,WL,T,4,10.83
8/29/2019,Aug,33,WL,T,4,12.66
8/29/2019,Aug,34,WL,T,3,9.18
8/29/2019,Aug,35,WL,T,3,9.18
8/29/2019,Aug,36,WL,T,3,9.74
8/29/2019,Aug,37,WL,T,3,9.37
8/29/2019,Aug,38,WL,T,2,10.45
8/29/2019,Aug,39,WL,T,2,10.45
8/29/2019,Aug,40,WL,T,2,9.2
8/29/2019,Aug,41,WL,T,2,8.98
8/29/2019,Aug,42,WL,T,1,11.51
8/29/2019,Aug,43,WL,T,1,11.51
8/29/2019,Aug,44,WL,T,1,9.610001
8/29/2019,Aug,45,WL,T,1,9.540001
8/29/2019,Aug,46,CR,T,5,5.48
8/29/2019,Aug,47,CR,T,5,5.48
8/29/2019,Aug,48,CR,T,5,7.23
8/29/2019,Aug,49,CR,T,5,8.96
8/29/2019,Aug,50,CR,T,4,11.32
8/29/2019,Aug,51,CR,T,4,11.32
8/29/2019,Aug,52,CR,T,4,11.31
8/29/2019,Aug,53,CR,T,4,10.87
8/29/2019,Aug,54,CR,T,4,10.32
8/29/2019,Aug,55,CR,T,4,13.16
8/29/2019,Aug,56,CR,T,4,14.77
8/29/2019,Aug,57,CR,T,4,17.04
8/29/2019,Aug,58,CR,T,4,16.57
8/29/2019,Aug,59,CR,T,4,16.57
8/29/2019,Aug,60,CR,T,1,26.69
8/29/2019,Aug,61,CR,T,1,26.69
8/29/2019,Aug,62,CR,T,1,26.69
8/29/2019,Aug,63,CR,T,1,21.73
8/29/2019,Aug,64,CR,T,2,25.68
8/29/2019,Aug,65,CR,T,2,25.68
8/29/2019,Aug,66,CR,T,2,18.76
8/29/2019,Aug,67,CR,T,2,19.3
8/29/2019,Aug,68,CR,T,3,18.15
8/29/2019,Aug,69,CR,T,3,18.15
8/29/2019,Aug,70,CR,T,3,18.23
8/29/2019,Aug,71,CR,T,3,18.23
8/29/2019,Aug,72,CR,C,1,17.47
8/29/2019,Aug,73,CR,C,1,17.47
8/29/2019,Aug,74,CR,C,1,13.01
8/29/2019,Aug,75,CR,C,1,12.17
8/29/2019,Aug,76,CR,C,2,10.17
8/29/2019,Aug,77,CR,C,2,10.17
8/29/2019,Aug,78,CR,C,2,15.01
8/29/2019,Aug,79,CR,C,2,15.92
8/29/2019,Aug,80,CR,C,3,10.81
8/29/2019,Aug,81,CR,C,3,10.81
8/29/2019,Aug,82,CR,C,3,10.81
8/29/2019,Aug,83,CR,C,3,10.81
8/29/2019,Aug,84,CR,C,3,8.860001
8/29/2019,Aug,85,CR,C,4,7.58
8/29/2019,Aug,86,CR,C,4,7.58
8/29/2019,Aug,87,CR,C,4,7.51
8/29/2019,Aug,88,CR,C,4,10.75
8/29/2019,Aug,89,CR,C,5,10.23
8/29/2019,Aug,90,CR,C,5,10.23
8/29/2019,Aug,91,CR,C,5,14.8
8/29/2019,Aug,92,CR,C,5,10.29
8/29/2019,Aug,93,PP,T,1,3.84
8/29/2019,Aug,94,PP,T,1,3.61
8/29/2019,Aug,95,PP,T,1,2.91
8/29/2019,Aug,96,PP,T,2,3.15
8/29/2019,Aug,97,PP,T,2,3.15
8/29/2019,Aug,98,PP,T,2,3.84
8/29/2019,Aug,99,PP,T,2,3.71
8/29/2019,Aug,100,PP,T,3,4.01
8/29/2019,Aug,101,PP,T,3,4.01
8/29/2019,Aug,102,PP,T,3,3.48
8/29/2019,Aug,103,PP,T,5,3.66
8/29/2019,Aug,105,PP,T,5,3.73
8/29/2019,Aug,106,PP,T,5,3.79
8/29/2019,Aug,107,PP,T,5,3.9
8/29/2019,Aug,108,PP,T,5,4.14
8/29/2019,Aug,109,PP,T,5,3.26
8/29/2019,Aug,110,PP,C,5,0.47
8/29/2019,Aug,111,PP,C,5,1.74
8/29/2019,Aug,112,PP,C,5,0.06
8/29/2019,Aug,113,PP,C,4,1.59
8/29/2019,Aug,114,PP,C,4,1.59
8/29/2019,Aug,115,PP,C,4,1.85
8/29/2019,Aug,116,PP,C,4,1.85
8/29/2019,Aug,117,PP,C,4,0.14
8/29/2019,Aug,118,PP,C,4,1.22
8/29/2019,Aug,119,PP,C,3,2.39
8/29/2019,Aug,120,PP,C,3,2.39
8/29/2019,Aug,121,PP,C,3,2.01
8/29/2019,Aug,122,PP,C,3,1.58
8/29/2019,Aug,123,PP,C,3,0.8
8/29/2019,Aug,124,PP,C,3,1.74
8/29/2019,Aug,125,PP,C,3,2.33
8/29/2019,Aug,126,CH,T,1,12.89
8/29/2019,Aug,127,CH,T,1,12.89
8/29/2019,Aug,128,CH,T,1,15.22
8/29/2019,Aug,129,CH,T,1,12.63
8/29/2019,Aug,130,CH,T,2,14.08
8/29/2019,Aug,131,CH,T,2,14.08
8/29/2019,Aug,132,CH,T,2,16.47
8/29/2019,Aug,133,CH,T,2,15.11
8/29/2019,Aug,134,CH,T,3,11.93
8/29/2019,Aug,135,CH,T,3,11.93
8/29/2019,Aug,136,CH,T,3,18.77
8/29/2019,Aug,137,CH,T,3,15.59
8/29/2019,Aug,138,CH,T,4,16.08
8/29/2019,Aug,139,CH,T,4,16.08
8/29/2019,Aug,140,CH,T,4,14.24
8/29/2019,Aug,141,CH,T,4,12.47
8/29/2019,Aug,142,CH,T,5,12.34
8/29/2019,Aug,143,CH,T,5,12.34
8/29/2019,Aug,144,CH,T,5,12.34
8/29/2019,Aug,145,CH,T,5,11.9
8/29/2019,Aug,146,CH,T,5,12.68
8/29/2019,Aug,147,CH,C,5,15.43
8/29/2019,Aug,148,CH,C,5,15.43
8/29/2019,Aug,149,CH,C,5,4.5
8/29/2019,Aug,150,CH,C,5,15.76
8/29/2019,Aug,151,CH,C,4,10.14
8/29/2019,Aug,152,CH,C,4,10.14
8/29/2019,Aug,153,CH,C,4,8.91
8/29/2019,Aug,154,CH,C,4,13.11
8/29/2019,Aug,155,CH,C,3,8.95
8/29/2019,Aug,156,CH,C,3,8.95
8/29/2019,Aug,157,CH,C,3,5.87
8/29/2019,Aug,158,CH,C,3,14.83
8/29/2019,Aug,159,CH,C,2,12.41
8/29/2019,Aug,160,CH,C,2,12.41
8/29/2019,Aug,161,CH,C,2,7.43
8/29/2019,Aug,162,CH,C,2,9.320001
8/29/2019,Aug,163,CH,C,1,21.93
8/29/2019,Aug,164,CH,C,1,21.93
8/29/2019,Aug,165,CH,C,1,10.91
8/29/2019,Aug,166,CH,C,1,15.38
8/10/2019,Aug,346,CH,C,1,23.72
8/10/2019,Aug,347,CH,C,1,23.72
8/10/2019,Aug,348,CH,C,1,26.91
8/10/2019,Aug,349,CH,C,1,28.91
8/10/2019,Aug,320,CH,C,2,29.42
8/10/2019,Aug,342,CH,C,2,23.53
8/10/2019,Aug,344,CH,C,2,29.72
8/10/2019,Aug,345,CH,C,2,26.44
8/10/2019,Aug,338,CH,C,3,34.49
8/10/2019,Aug,340,CH,C,3,21.23
8/10/2019,Aug,341,CH,C,3,25.39
8/10/2019,Aug,334,CH,C,4,32.21
8/10/2019,Aug,336,CH,C,4,31.62
8/10/2019,Aug,337,CH,C,4,18.99
8/10/2019,Aug,330,CH,C,5,42.76
8/10/2019,Aug,332,CH,C,5,33.97
8/10/2019,Aug,333,CH,C,5,37.73
8/10/2019,Aug,308,CH,T,1,26.45
8/10/2019,Aug,310,CH,T,1,35.36
8/10/2019,Aug,311,CH,T,1,38.79
8/10/2019,Aug,312,CH,T,1,34.73
8/10/2019,Aug,313,CH,T,2,36.12
8/10/2019,Aug,315,CH,T,2,35.82
8/10/2019,Aug,316,CH,T,2,35.61
8/10/2019,Aug,317,CH,T,3,26.63
8/10/2019,Aug,319,CH,T,3,30.96
8/10/2019,Aug,321,CH,T,4,32.93
8/10/2019,Aug,323,CH,T,4,29.14
8/10/2019,Aug,324,CH,T,4,23.52
8/10/2019,Aug,325,CH,T,4,32.87
8/10/2019,Aug,326,CH,T,5,31.03
8/10/2019,Aug,328,CH,T,5,30.71
8/10/2019,Aug,409,CR,C,1,24.04
8/10/2019,Aug,410,CR,C,1,20.34
8/10/2019,Aug,411,CR,C,1,22.6
8/10/2019,Aug,412,CR,C,2,18.72
8/10/2019,Aug,413,CR,C,2,17.09
8/10/2019,Aug,414,CR,C,2,18.17
8/10/2019,Aug,415,CR,C,3,13.46
8/10/2019,Aug,416,CR,C,3,11.26
8/10/2019,Aug,417,CR,C,3,16.88
8/10/2019,Aug,418,CR,C,4,10.52
8/10/2019,Aug,419,CR,C,4,10.76
8/10/2019,Aug,420,CR,C,4,12.59
8/10/2019,Aug,421,CR,C,5,11.22
8/10/2019,Aug,422,CR,C,5,9.650001
8/10/2019,Aug,423,CR,C,5,12.98
8/10/2019,Aug,406,CR,T,1,30.64
8/10/2019,Aug,407,CR,T,1,36.32
8/10/2019,Aug,408,CR,T,1,36.24
8/10/2019,Aug,401,CR,T,2,22.63
8/10/2019,Aug,403,CR,T,2,28.81
8/10/2019,Aug,404,CR,T,2,33.81
8/10/2019,Aug,405,CR,T,2,30.35
8/10/2019,Aug,399,CR,T,3,21.58
8/10/2019,Aug,400,CR,T,3,18.96
8/10/2019,Aug,396,CR,T,4,20.43
8/10/2019,Aug,397,CR,T,4,22.4
8/10/2019,Aug,398,CR,T,4,22.23
8/10/2019,Aug,393,CR,T,5,11.05
8/10/2019,Aug,394,CR,T,5,12.55
8/10/2019,Aug,395,CR,T,5,13.9
8/10/2019,Aug,453,PP,C,1,19.19
8/10/2019,Aug,455,PP,C,1,21.06
8/10/2019,Aug,456,PP,C,1,17.41
8/10/2019,Aug,450,PP,C,2,27.57
8/10/2019,Aug,451,PP,C,2,24.87
8/10/2019,Aug,447,PP,C,3,26.16
8/10/2019,Aug,448,PP,C,3,24.85
8/10/2019,Aug,444,PP,C,4,12.91
8/10/2019,Aug,445,PP,C,4,10.9
8/10/2019,Aug,446,PP,C,4,16.2
8/10/2019,Aug,441,PP,C,5,15.53
8/10/2019,Aug,442,PP,C,5,4.92
8/10/2019,Aug,443,PP,C,5,7.94
8/10/2019,Aug,426,PP,T,1,18.51
8/10/2019,Aug,427,PP,T,1,17.93
8/10/2019,Aug,428,PP,T,2,15.29
8/10/2019,Aug,429,PP,T,2,17.48
8/10/2019,Aug,431,PP,T,2,22.32
8/10/2019,Aug,432,PP,T,3,27.78
8/10/2019,Aug,433,PP,T,3,27.63
8/10/2019,Aug,434,PP,T,3,26.47
8/10/2019,Aug,435,PP,T,4,30.53
8/10/2019,Aug,436,PP,T,4,29.85
8/10/2019,Aug,438,PP,T,5,19.68
8/10/2019,Aug,439,PP,T,5,14.63
8/10/2019,Aug,440,PP,T,5,12.67
8/10/2019,Aug,389,WL,C,1,13.4
8/10/2019,Aug,391,WL,C,1,9.03
8/10/2019,Aug,392,WL,C,1,12.45
8/10/2019,Aug,384,WL,C,2,13.07
8/10/2019,Aug,385,WL,C,2,12.92
8/10/2019,Aug,387,WL,C,2,11.39
8/10/2019,Aug,388,WL,C,2,9.47
8/10/2019,Aug,376,WL,C,3,12.79
8/10/2019,Aug,380,WL,C,3,14.01
8/10/2019,Aug,383,WL,C,3,9.26
8/10/2019,Aug,372,WL,C,4,14.75
8/10/2019,Aug,374,WL,C,4,15.59
8/10/2019,Aug,368,WL,C,5,13.56
8/10/2019,Aug,370,WL,C,5,10.82
8/10/2019,Aug,371,WL,C,5,11.41
8/10/2019,Aug,351,WL,T,1,14.9
8/10/2019,Aug,352,WL,T,1,14.18
8/10/2019,Aug,353,WL,T,1,16.23
8/10/2019,Aug,354,WL,T,2,12.84
8/10/2019,Aug,355,WL,T,2,15.15
8/10/2019,Aug,357,WL,T,3,13.6
8/10/2019,Aug,358,WL,T,3,17.02
8/10/2019,Aug,359,WL,T,3,18.63
8/10/2019,Aug,360,WL,T,4,14.69
8/10/2019,Aug,362,WL,T,4,14.44
8/10/2019,Aug,363,WL,T,4,15.65
8/10/2019,Aug,364,WL,T,5,12.86
8/10/2019,Aug,366,WL,T,5,14.42
8/10/2019,Aug,367,WL,T,5,12.54
7/31/2019,July,7,CH,T,1,31.73
7/31/2019,July,8,CH,T,1,35.24
7/31/2019,July,9,CH,T,1,35.17
7/31/2019,July,10,CH,T,2,22.69
7/31/2019,July,11,CH,T,2,22.69
7/31/2019,July,12,CH,T,2,31.67
7/31/2019,July,13,CH,T,3,32.51
7/31/2019,July,14,CH,T,3,32.51
7/31/2019,July,15,CH,T,3,32.51
7/31/2019,July,16,CH,T,4,33.78
7/31/2019,July,17,CH,T,4,33.78
7/31/2019,July,18,CH,T,4,31.65
7/31/2019,July,19,CH,T,4,41.17
7/31/2019,July,20,CH,T,5,38.04
7/31/2019,July,21,CH,T,5,38.04
7/31/2019,July,22,CH,T,5,40.42
7/31/2019,July,23,CH,T,5,44.89
7/31/2019,July,32,CH,C,5,36.71
7/31/2019,July,33,CH,C,5,36.71
7/31/2019,July,34,CH,C,5,31.61
7/31/2019,July,35,CH,C,4,30.74
7/31/2019,July,36,CH,C,4,28.35
7/31/2019,July,37,CH,C,3,34.44
7/31/2019,July,38,CH,C,3,34.44
7/31/2019,July,39,CH,C,3,28.12
7/31/2019,July,40,CH,C,3,18.77
7/31/2019,July,41,CH,C,3,28.82
7/31/2019,July,42,CH,C,3,28.82
7/31/2019,July,43,CH,C,2,28.81
7/31/2019,July,44,CH,C,2,28.81
7/31/2019,July,45,CH,C,2,18.62
7/31/2019,July,46,CH,C,2,26.5
7/31/2019,July,47,CH,C,1,30.45
7/31/2019,July,48,CH,C,1,30.45
7/31/2019,July,49,CH,C,1,24.25
7/31/2019,July,50,CH,C,1,18.96
7/31/2019,July,51,WL,T,1,17.02
7/31/2019,July,52,WL,T,1,17.02
7/31/2019,July,53,WL,T,1,20.07
7/31/2019,July,54,WL,T,1,20.39
7/31/2019,July,55,WL,T,2,21.51
7/31/2019,July,56,WL,T,2,21.51
7/31/2019,July,57,WL,T,2,21.75
7/31/2019,July,58,WL,T,2,19.81
7/31/2019,July,59,WL,T,3,21.83
7/31/2019,July,60,WL,T,3,21.83
7/31/2019,July,61,WL,T,3,19.36
7/31/2019,July,62,WL,T,3,22.14
7/31/2019,July,65,WL,T,4,18.36
7/31/2019,July,66,WL,T,4,18.03
7/31/2019,July,67,WL,T,5,15.72
7/31/2019,July,68,WL,T,5,15.72
7/31/2019,July,69,WL,T,5,16.08
7/31/2019,July,70,WL,T,5,20.61
7/31/2019,July,71,WL,C,5,15.99
7/31/2019,July,72,WL,C,5,15.99
7/31/2019,July,73,WL,C,5,11.74
7/31/2019,July,74,WL,C,5,13.05
7/31/2019,July,75,WL,C,4,14.99
7/31/2019,July,76,WL,C,4,14.99
7/31/2019,July,77,WL,C,4,14.76
7/31/2019,July,78,WL,C,4,14.41
7/31/2019,July,79,WL,C,3,17.93
7/31/2019,July,82,WL,C,3,16.41
7/31/2019,July,83,WL,C,3,13.79
7/31/2019,July,84,WL,C,2,13.25
7/31/2019,July,85,WL,C,2,13.25
7/31/2019,July,86,WL,C,2,12.39
7/31/2019,July,87,WL,C,2,16.38
7/31/2019,July,88,WL,C,1,16.31
7/31/2019,July,89,WL,C,1,16.31
7/31/2019,July,90,WL,C,1,14.46
7/31/2019,July,91,WL,C,1,17.93
7/31/2019,July,92,CR,T,5,13.9
7/31/2019,July,93,CR,T,5,13.9
7/31/2019,July,94,CR,T,5,13.72
7/31/2019,July,95,CR,T,5,17.62
7/31/2019,July,96,CR,T,4,29.46
7/31/2019,July,97,CR,T,4,29.46
7/31/2019,July,98,CR,T,4,27.46
7/31/2019,July,99,CR,T,4,27.56
7/31/2019,July,100,CR,T,3,30.42
7/31/2019,July,101,CR,T,3,30.42
7/31/2019,July,102,CR,T,3,33.36
7/31/2019,July,103,CR,T,3,29
7/31/2019,July,104,CR,T,2,33.76
7/31/2019,July,105,CR,T,2,33.76
7/31/2019,July,106,CR,T,2,38.49
7/31/2019,July,107,CR,T,2,40.33
7/31/2019,July,108,CR,T,1,37.22
7/31/2019,July,109,CR,T,1,37.22
7/31/2019,July,110,CR,T,1,34.5
7/31/2019,July,111,CR,T,1,34.54
7/31/2019,July,112,CR,C,5,18.85
7/31/2019,July,113,CR,C,5,18.85
7/31/2019,July,114,CR,C,5,19.95
7/31/2019,July,115,CR,C,5,17.74
7/31/2019,July,116,CR,C,4,14.37
7/31/2019,July,117,CR,C,4,14.37
7/31/2019,July,118,CR,C,4,15.88
7/31/2019,July,119,CR,C,4,17.4
7/31/2019,July,120,CR,C,3,26.97
7/31/2019,July,121,CR,C,3,26.97
7/31/2019,July,122,CR,C,3,21.3
7/31/2019,July,123,CR,C,3,27.67
7/31/2019,July,124,CR,C,2,33.21
7/31/2019,July,125,CR,C,2,33.21
7/31/2019,July,126,CR,C,2,32.39
7/31/2019,July,127,CR,C,2,30.05
7/31/2019,July,128,CR,C,1,34.77
7/31/2019,July,129,CR,C,1,34.77
7/31/2019,July,130,CR,C,1,31.44
7/31/2019,July,131,CR,C,1,33.93
7/31/2019,July,132,PP,T,1,35.67
7/31/2019,July,133,PP,T,1,35.67
7/31/2019,July,134,PP,T,1,33.9
7/31/2019,July,135,PP,T,1,36.78
7/31/2019,July,137,PP,T,2,34.03
7/31/2019,July,138,PP,T,2,38.88
7/31/2019,July,139,PP,T,2,41.08
7/31/2019,July,140,PP,T,3,37.91
7/31/2019,July,141,PP,T,3,37.91
7/31/2019,July,142,PP,T,3,36.14
7/31/2019,July,144,PP,T,3,36.14
7/31/2019,July,145,PP,T,3,37.17
7/31/2019,July,146,PP,T,4,32.81
7/31/2019,July,147,PP,T,4,32.81
7/31/2019,July,148,PP,T,4,36.01
7/31/2019,July,149,PP,T,4,35.31
7/31/2019,July,150,PP,T,5,32.59
7/31/2019,July,151,PP,T,5,32.59
7/31/2019,July,152,PP,T,5,29.42
7/31/2019,July,153,PP,T,5,33.83
7/31/2019,July,154,PP,C,5,22.4
7/31/2019,July,155,PP,C,5,22.4
7/31/2019,July,156,PP,C,5,22.78
7/31/2019,July,157,PP,C,5,17.51
7/31/2019,July,158,PP,C,4,32.07
7/31/2019,July,159,PP,C,4,32.07
7/31/2019,July,160,PP,C,4,22.17
7/31/2019,July,161,PP,C,4,20.55
7/31/2019,July,162,PP,C,3,30.73
7/31/2019,July,163,PP,C,3,30.73
7/31/2019,July,164,PP,C,3,30.9
7/31/2019,July,165,PP,C,3,31.41
7/31/2019,July,166,PP,C,2,35.39
7/31/2019,July,167,PP,C,2,35.39
7/31/2019,July,168,PP,C,2,35.99
7/31/2019,July,169,PP,C,2,34.54
7/31/2019,July,170,PP,C,1,33.47
7/31/2019,July,171,PP,C,1,33.47
7/31/2019,July,172,PP,C,1,30.01
7/31/2019,July,173,PP,C,1,25.52
