ID1,ID2,Latitude,Longitude,Elevation,MAT,MWMT,MCMT,TD,MAP,MSP,AHM,SHM,DD_0,DD5,DD_18,DD18,NFFD,bFFP,eFFP,FFP,PAS,EMT,EXT,Eref,CMD,MAR,RH
0,F_12_8775,37.54185092,-106.9689346,3284,1.1,11.8,-8,19.8,1297,383,8.6,30.7,1137,663,6148,5,97,187,237,49,778,-43.8,30.2,573,160,20.4,48
1,F_13_2939,37.68052773,-107.0395414,2766,2.3,13.8,-8.8,22.6,527,236,23.4,58.5,1063,957,5698,13,94,189,233,45,214,-47,33.4,774,449,17.3,39
2,F_13_4275,37.64451358,-107.0578342,3357,1,11.4,-7.7,19,1044,350,10.6,32.4,1120,621,6176,4,89,189,233,44,587,-44.4,30,575,190,17.8,46
3,F_13_4399,37.65800468,-106.8005785,3569,0.5,10.9,-8,18.9,1154,364,9.1,29.9,1214,554,6381,3,93,188,234,45,705,-43.3,29.1,533,146,19.1,51
4,F_13_6435,37.61240251,-106.8199497,3398,0.6,11.1,-8.3,19.3,1148,365,9.2,30.3,1211,575,6349,3,89,189,232,43,693,-44.2,29.6,553,162,18.9,49
5,F_13_7873,37.56876216,-106.7924378,2998,1.8,12.8,-8,20.8,800,285,14.8,44.7,1061,806,5880,8,100,185,237,52,407,-44.4,31.7,693,287,19.8,45
6,F_14_10341,37.45718136,-106.8193684,3436,1,11.6,-7.8,19.4,1277,392,8.6,29.7,1135,642,6173,4,105,185,240,55,757,-42.4,29.5,543,134,19.6,53
7,F_14_1346,37.71588594,-107.0856272,3123,1.4,12.1,-8,20.1,726,282,15.7,42.9,1100,712,6039,6,88,190,232,42,361,-45.1,31.1,615,279,18,43
8,F_14_2018,37.70076735,-107.0665117,3036,1.7,12.6,-8.2,20.8,704,276,16.6,45.5,1089,776,5947,7,91,190,233,43,338,-45.6,31.6,703,309,17.7,42
9,F_14_3222,37.66589939,-107.0650227,2850,2.4,13.4,-8,21.4,691,269,17.9,49.7,1006,904,5689,10,96,188,235,47,312,-45.7,32.8,749,361,17.3,40
10,F_14_3234,37.66372805,-107.0701319,2827,2.4,13.5,-7.9,21.4,688,268,18.1,50.3,997,918,5662,11,96,188,235,47,307,-45.6,32.9,754,369,17.5,40
11,F_14_3573,37.67104286,-106.7954287,3481,0.7,11.2,-8,19.2,1081,349,9.9,32.1,1180,594,6287,4,94,188,234,46,639,-43.3,29.6,548,166,18.9,50
12,F_14_4120,37.64923571,-107.0860506,2983,2.1,12.9,-7.8,20.7,790,292,15.3,44.2,1018,834,5790,8,95,188,235,47,379,-44.9,32.1,721,301,18.4,42
13,F_14_4273,37.64488221,-107.0470095,3286,1.2,11.6,-7.8,19.4,983,337,11.4,34.5,1111,655,6122,4,89,189,233,44,539,-44.7,30.4,590,208,17.5,45
14,F_14_4283,37.64355351,-107.0550083,3368,1,11.3,-7.7,19,1053,352,10.4,32.1,1126,613,6193,4,88,189,233,44,595,-44.5,30,573,186,17.7,46
15,F_14_4354,37.64334351,-107.0421959,3190,1.4,12,-7.9,19.9,906,320,12.6,37.5,1097,703,6045,5,90,189,233,44,479,-45,30.9,609,235,17.4,44
16,F_14_4682,37.64783965,-106.8046514,3450,0.7,11.2,-8.1,19.3,1092,351,9.8,31.9,1189,591,6302,4,92,188,233,45,649,-43.7,29.6,552,169,19.1,49
17,F_14_5080,37.63792756,-107.0458213,3279,1.1,11.6,-8,19.6,983,337,11.3,34.5,1129,651,6149,4,88,189,232,42,543,-44.9,30.4,590,208,17.7,45
18,F_14_6810,37.59440001,-106.8144142,3281,1,11.6,-8.2,19.8,1021,337,10.8,34.6,1156,649,6188,4,92,188,234,46,583,-44.3,30.3,579,199,19.4,47
19,F_14_7447,37.58128389,-106.9288213,3231,0.5,11,-8.4,19.3,1298,389,8.1,28.2,1221,565,6373,3,85,189,230,41,811,-44.4,29.6,559,150,19.2,47
20,F_14_8494,37.5443163,-106.9697126,3248,1.2,11.9,-7.9,19.9,1287,382,8.7,31.2,1122,683,6105,5,98,187,237,51,764,-43.8,30.4,579,166,20.2,48
21,F_14_9251,37.51457945,-106.9505,2895,2.7,13.8,-7.3,21,1052,337,12.1,40.9,942,952,5564,12,116,181,245,64,529,-43,32.4,711,250,19,47
22,F_14_9273,37.5131676,-106.9486757,2785,3.1,14.3,-7.1,21.4,993,326,13.2,44,896,1036,5411,16,121,179,248,69,474,-42.9,33.1,734,280,18.8,46
23,F_21_3639,37.67039337,-106.7931001,3530,0.6,11.1,-8,19,1119,357,9.5,31,1194,574,6330,3,94,188,234,46,671,-43.2,29.3,539,154,19,51
24,F_21_3657,37.66722893,-106.7984999,3611,0.4,10.8,-8,18.8,1191,372,8.7,29,1223,538,6414,3,93,188,234,46,736,-43.1,28.9,524,134,19,52
25,F_21_5839,37.61724652,-106.8324739,3504,0.2,10.7,-8.4,19.1,1236,385,8.3,27.7,1256,526,6469,3,87,189,231,42,774,-44.1,29,533,133,18.1,50
26,F_21_6671,37.6008437,-106.8144235,3220,1,11.7,-8.1,19.8,1022,338,10.8,34.5,1147,655,6169,5,91,188,233,45,579,-44.5,30.5,585,204,19.3,46
27,F_22_10708,37.44222489,-106.8290095,3114,2.3,13.2,-7.4,20.6,1093,344,11.2,38.2,983,858,5723,9,116,182,245,63,579,-42,31.4,672,214,19.5,50
28,F_22_2164,37.68865334,-107.087597,3409,0.9,11.1,-7.5,18.7,933,330,11.7,33.8,1126,588,6227,3,90,189,233,44,519,-43.5,29.6,558,193,18.6,48
29,F_22_3563,37.67256298,-106.7932544,3496,0.7,11.2,-8,19.1,1092,352,9.8,31.7,1183,589,6299,4,94,188,234,46,648,-43.2,29.5,545,162,19,50
30,F_22_3651,37.66847422,-106.7978044,3507,0.7,11.1,-8,19.1,1103,354,9.7,31.4,1189,582,6314,3,94,188,234,46,659,-43.3,29.5,544,161,18.9,50
31,F_22_4199,37.64614531,-107.1078041,2935,2.2,12.8,-7.2,19.9,876,304,13.9,42,973,820,5754,8,96,187,236,49,431,-44.3,31.9,713,282,18.2,43
32,F_22_4205,37.64261755,-107.1236048,3152,1.4,11.9,-7.6,19.5,958,326,11.9,36.6,1072,692,6029,5,92,189,234,45,517,-44,30.7,600,222,19.3,45
33,F_22_4384,37.66108977,-106.796844,3547,0.6,11,-8,19,1125,358,9.4,30.8,1201,568,6347,3,93,188,234,45,678,-43.2,29.3,538,154,19.1,51
34,F_22_4388,37.66090591,-106.8006259,3548,0.5,11,-8,19,1130,359,9.3,30.6,1204,566,6353,3,93,188,234,45,683,-43.3,29.3,538,153,19,51
35,F_22_6515,37.60800035,-106.8260503,3302,0.8,11.3,-8.2,19.5,1100,356,9.8,31.7,1185,606,6277,4,89,189,232,43,647,-44.5,30,568,180,18.7,47
36,F_22_6732,37.6137513,-106.830632,3459,0.4,10.8,-8.4,19.2,1205,378,8.6,28.6,1239,544,6423,3,87,189,231,42,744,-44.2,29.2,542,143,18.3,49
37,F_22_7443,37.58189113,-106.9269572,3241,0.5,11,-8.4,19.3,1299,389,8.1,28.2,1220,565,6373,3,85,189,230,41,811,-44.4,29.6,558,149,19,48
38,F_22_7444,37.58359146,-106.9227204,3223,0.6,11.1,-8.3,19.4,1286,387,8.2,28.6,1208,578,6341,3,86,189,231,42,796,-44.4,29.7,562,153,18.7,47
39,F_22_7445,37.58219559,-106.9209972,3192,0.6,11.2,-8.3,19.4,1283,386,8.3,28.9,1199,588,6316,4,87,189,231,42,790,-44.4,29.8,565,156,18.6,47
40,F_22_9346,37.50697877,-106.944691,2735,3.4,14.6,-6.9,21.5,960,319,13.9,45.7,868,1078,5328,19,123,177,249,72,445,-42.7,33.4,744,294,18.2,46
41,F_23_10485,37.44873761,-106.826896,3278,1.7,12.4,-7.6,20,1185,367,9.8,33.9,1054,750,5943,6,111,184,243,59,666,-42.1,30.5,575,175,19.5,51
42,F_23_1344,37.7164523,-107.0826482,3069,1.5,12.4,-8.1,20.5,688,273,16.8,45.3,1092,746,5986,6,89,190,232,42,332,-45.4,31.4,628,300,18,43
43,F_23_2156,37.69250044,-107.0743795,3226,1.3,11.8,-7.7,19.5,847,309,13.4,38.2,1090,675,6073,5,91,189,233,44,443,-44.2,30.5,594,233,18,45
44,F_23_2162,37.69029021,-107.0842181,3355,1,11.3,-7.5,18.8,905,323,12.2,35.1,1106,612,6172,4,90,189,233,44,493,-43.6,29.8,567,204,18.3,47
45,F_23_2241,37.68663762,-107.083356,3390,1,11.2,-7.4,18.7,928,328,11.8,34.3,1110,602,6190,4,90,189,233,45,511,-43.5,29.7,562,198,18.5,48
46,F_23_3312,37.66477445,-107.0343487,3126,1.7,12.4,-7.8,20.2,851,308,13.7,40.3,1061,758,5935,6,93,187,234,47,432,-45.3,31.4,691,261,17,43
47,F_23_3658,37.6663249,-106.7980926,3520,0.6,11.1,-8,19.1,1113,355,9.5,31.2,1193,577,6326,3,93,188,234,46,667,-43.3,29.4,542,158,19,50
48,F_23_4213,37.64296105,-107.1280458,3160,1.4,11.9,-7.6,19.5,978,327,11.7,36.4,1074,690,6035,5,92,189,234,45,533,-44,30.6,597,218,19.7,45
49,F_23_4269,37.64483498,-107.053355,3299,1.2,11.6,-7.7,19.3,996,340,11.2,34.1,1109,650,6127,4,89,189,233,44,548,-44.6,30.3,587,204,17.7,45
50,F_23_4385,37.66013375,-106.8045637,3535,0.6,11,-8,19,1127,358,9.4,30.7,1202,568,6347,3,92,188,234,45,680,-43.4,29.3,540,155,18.9,50
51,F_23_4499,37.65616185,-106.8020417,3536,0.5,11,-8,19,1135,360,9.3,30.5,1206,565,6356,3,92,188,234,45,687,-43.4,29.3,538,152,19.1,51
52,F_23_4597,37.65126652,-106.80215,3487,0.6,11.1,-8.1,19.2,1109,355,9.6,31.3,1195,580,6324,3,92,188,233,45,664,-43.6,29.5,546,162,19.1,50
53,F_23_4683,37.6476981,-106.8021204,3434,0.7,11.3,-8.1,19.3,1077,348,10,32.4,1182,599,6283,4,92,188,233,45,635,-43.7,29.7,555,174,19.2,49
54,F_23_6514,37.60768559,-106.8294977,3322,0.7,11.2,-8.3,19.5,1118,361,9.6,31.1,1194,596,6300,4,88,189,232,43,663,-44.5,29.9,565,174,18.5,47
55,F_23_6594,37.60587954,-106.8291476,3276,0.8,11.4,-8.2,19.6,1090,355,9.9,32,1179,614,6259,4,88,189,232,43,636,-44.6,30.1,573,184,18.6,47
56,F_23_711,37.73814504,-107.226474,3076,1.6,12.3,-7.9,20.2,614,259,18.8,47.3,1079,738,5978,6,83,191,229,37,282,-45.8,31.6,706,335,18.5,41
57,F_23_723,37.73539171,-107.2447737,3141,1.5,12,-7.6,19.6,657,270,17.5,44.4,1067,701,6010,5,83,192,229,37,313,-45.1,31.2,622,300,18.1,42
58,F_23_9243,37.51590307,-106.9587373,2828,3.1,14.3,-6.9,21.2,1100,342,11.9,41.7,889,1027,5417,16,125,176,252,75,546,-42.6,32.9,714,250,17.7,48
59,F_23_9249,37.51592508,-106.9536012,2861,2.8,13.8,-7.1,20.8,1125,350,11.3,39.4,929,955,5548,13,119,179,249,69,574,-42.8,32.5,704,233,16.9,47
60,F_24_4594,37.65131432,-106.8055063,3503,0.6,11,-8.1,19.1,1126,358,9.4,30.8,1202,572,6343,3,92,188,233,45,679,-43.6,29.4,543,156,19.1,50
61,F_24_5085,37.63628495,-107.0470001,3295,1,11.6,-8,19.5,999,340,11.1,34,1136,641,6170,4,87,189,232,42,556,-44.9,30.3,587,204,17.8,45
62,F_24_708,37.73931946,-107.2234567,2985,1.8,12.6,-8,20.6,561,247,21,51,1063,788,5897,7,84,191,229,38,242,-46.1,32.1,726,373,18.6,40
63,F_24_720,37.73563693,-107.2404125,3141,1.5,12,-7.7,19.7,656,269,17.5,44.5,1073,703,6015,5,83,192,229,37,312,-45.2,31.2,623,300,18.2,42
64,F_24_8488,37.54565918,-106.9724078,3282,1.1,11.7,-8,19.8,1297,384,8.5,30.5,1143,657,6162,5,96,187,236,49,780,-43.9,30.2,572,159,20.1,48
65,F_24_8604,37.55282592,-106.8097152,2994,1.7,12.7,-8.1,20.8,866,300,13.5,42.1,1082,789,5926,7,98,186,236,50,454,-44.5,31.6,690,271,19.2,45
66,F_31_10482,37.45154505,-106.8195936,3413,1.2,11.8,-7.8,19.6,1255,387,8.9,30.5,1119,664,6126,5,107,185,241,57,735,-42.3,29.7,549,142,19.7,53
67,F_31_10715,37.4406764,-106.8329731,3047,2.5,13.5,-7.3,20.8,1055,334,11.9,40.4,952,907,5627,11,118,181,246,64,545,-41.9,31.8,688,235,19.4,49
68,F_31_10719,37.44051026,-106.8309006,3094,2.4,13.3,-7.4,20.6,1081,341,11.4,38.9,972,874,5691,10,117,182,245,63,568,-42,31.5,677,218,19.4,50
69,F_31_1248,37.72267299,-107.0819942,2890,2,13.1,-8.5,21.6,564,244,21.2,53.7,1075,852,5833,9,89,190,231,41,244,-46.5,32.5,741,391,18,40
70,F_31_1343,37.71703212,-107.0845135,3094,1.5,12.2,-8.1,20.3,705,277,16.3,44.2,1096,729,6012,6,89,190,231,42,345,-45.3,31.3,622,290,18,43
71,F_31_1353,37.71594503,-107.0761563,2988,1.7,12.7,-8.3,21,635,261,18.5,48.8,1086,799,5916,7,90,190,232,42,293,-46,32,717,344,17.9,41
72,F_31_1404,37.71097802,-107.0793073,3092,1.5,12.2,-8,20.2,717,280,16.1,43.8,1088,733,5999,6,90,190,232,42,351,-45.2,31.2,621,287,17.8,43
73,F_31_2171,37.68946514,-107.0717206,3203,1.4,12,-7.8,19.7,834,306,13.6,39.1,1088,693,6049,5,91,189,233,44,431,-44.5,30.7,601,242,18,45
74,F_31_3025,37.67715668,-107.0406169,2877,2.1,13.4,-8.5,21.9,620,257,19.6,52.2,1064,897,5769,10,94,188,233,45,274,-46.5,32.8,749,383,17.2,40
75,F_31_3026,37.67386523,-107.1542004,2646,2,12.4,-6.7,19.1,596,287,20.2,43.1,958,755,5820,6,85,188,231,43,235,-45.1,31.9,713,324,12.9,40
76,F_31_3710,37.6657955,-106.7955743,3537,0.6,11,-8,19,1123,358,9.4,30.9,1197,571,6338,3,93,188,234,46,676,-43.2,29.3,539,155,19,51
77,F_31_6750,37.59808878,-106.8095426,3188,1.2,12,-8.1,20.1,942,318,11.9,37.7,1130,695,6099,5,94,187,234,47,521,-44.2,30.8,594,225,19.5,47
78,F_31_8807,37.53597821,-106.9644117,3203,1.5,12.3,-7.8,20.1,1261,374,9.1,32.9,1086,735,5999,6,104,186,240,55,732,-43.6,30.7,586,176,20.2,49
79,F_31_9272,37.51200418,-106.9536347,2771,3.2,14.4,-7,21.5,981,324,13.5,44.6,888,1050,5386,17,122,178,248,70,464,-42.9,33.2,737,283,18.8,46
80,F_32_1237,37.72474486,-107.0876456,2866,1.9,13.2,-8.7,21.8,562,243,21.3,54.2,1089,862,5839,9,89,190,231,41,243,-46.8,32.7,746,397,18,39
81,F_32_1347,37.66221965,-107.0856659,3213,1.5,12.1,-7.7,19.8,863,311,13.4,38.8,1063,717,5988,6,93,189,234,46,443,-44.3,30.9,607,244,19.2,45
82,F_32_1387,37.71378893,-107.0803728,3062,1.6,12.4,-8.1,20.5,691,274,16.8,45.2,1087,750,5976,6,89,190,232,42,333,-45.4,31.4,629,300,17.9,43
83,F_32_1937,37.70545684,-107.0729939,3079,1.5,12.3,-8.1,20.4,719,280,16.1,44,1090,743,5988,6,90,190,232,43,351,-45.3,31.3,624,289,17.7,43
84,F_32_3109,37.67363375,-107.046813,2646,2.7,14.2,-8.7,22.9,452,220,28.1,64.8,1024,1021,5577,15,96,188,234,46,166,-46.8,34,796,505,17.2,38
85,F_32_3360,37.68090813,-106.7903029,3488,0.7,11.2,-7.9,19.1,1098,354,9.8,31.6,1179,590,6292,4,95,187,235,48,651,-43.2,29.5,543,159,18.9,51
86,F_32_3646,37.66810753,-106.7958455,3517,0.6,11.1,-8,19.1,1109,355,9.6,31.3,1191,579,6321,3,94,188,234,46,663,-43.3,29.4,542,159,19,50
87,F_32_4098,37.65241686,-107.0748163,2920,2.3,13.1,-7.7,20.9,745,282,16.5,46.5,1001,870,5723,9,96,187,235,48,345,-45.2,32.4,735,329,17.8,41
88,F_32_4187,37.64802888,-107.0464045,3267,1.3,11.7,-7.8,19.5,964,333,11.7,35.3,1101,668,6094,5,90,189,233,44,523,-44.8,30.5,594,214,17.4,45
89,F_32_4212,37.64244323,-107.1177633,3043,1.8,12.3,-7.4,19.7,925,317,12.7,38.9,1025,750,5901,6,94,188,235,47,480,-44.1,31.2,687,249,18.7,44
90,F_32_4215,37.64226851,-107.1279694,3151,1.4,11.9,-7.5,19.5,978,327,11.7,36.5,1072,693,6028,5,92,189,234,45,532,-44,30.7,598,219,19.6,45
91,F_32_5079,37.63666961,-107.0507957,3325,1,11.5,-8,19.5,1023,346,10.7,33.1,1145,627,6199,4,87,190,232,42,577,-44.8,30.2,581,197,17.8,45
92,F_32_6660,37.60240663,-106.8176898,3217,1,11.6,-8.1,19.8,1028,340,10.7,34.2,1150,651,6178,4,90,188,233,44,584,-44.5,30.4,584,203,19.2,46
93,F_32_7437,37.58158237,-106.9326113,3265,0.4,10.9,-8.4,19.3,1308,391,7.9,27.8,1235,550,6409,3,83,189,230,40,823,-44.5,29.5,555,143,19.4,48
94,F_32_8552,37.55518088,-106.818919,3006,1.8,12.7,-7.9,20.7,876,302,13.5,42.1,1068,798,5898,8,100,185,237,52,459,-44.2,31.7,690,268,19.2,45
95,F_32_9348,37.5069398,-106.9437736,2743,3.3,14.6,-6.9,21.5,964,320,13.8,45.5,871,1071,5339,18,123,177,249,72,449,-42.7,33.3,742,292,18.2,46
96,F_32_9673,37.49173001,-106.9320574,2665,3.7,15.1,-6.8,21.9,868,297,15.8,50.7,831,1156,5194,23,127,176,250,74,387,-42.3,33.9,767,345,17.4,46
97,F_33_1354,37.71477092,-107.0824309,3074,1.5,12.3,-8,20.4,697,275,16.6,44.8,1088,742,5987,6,89,190,232,42,338,-45.3,31.4,626,295,17.9,43
98,F_33_1388,37.71372262,-107.0662136,3023,1.6,12.7,-8.5,21.2,646,263,18,48.2,1110,791,5954,7,90,190,232,42,302,-46.2,31.9,713,336,18.1,41
99,F_33_1875,37.70854421,-107.0783205,3151,1.4,12,-7.9,19.9,757,289,15,41.6,1097,701,6050,5,89,190,232,42,382,-44.9,30.9,608,265,17.8,44
100,F_33_1890,37.70657272,-107.0700078,3054,1.6,12.5,-8.2,20.7,695,275,16.7,45.4,1095,762,5972,7,90,190,232,42,335,-45.6,31.5,699,306,17.8,42
101,F_33_2093,37.69657228,-107.0760014,3187,1.4,11.9,-7.7,19.6,818,303,13.9,39.4,1084,688,6049,5,91,189,233,44,421,-44.4,30.7,600,245,17.8,45
102,F_33_3456,37.67939082,-106.7887357,3517,0.6,11.1,-7.9,19,1120,358,9.5,31,1188,579,6316,3,95,187,235,48,671,-43.1,29.4,538,154,18.9,51
103,F_33_3959,37.65966144,-107.0774325,2874,2.4,13.4,-7.7,21.1,695,272,17.9,49.2,984,904,5664,10,97,187,236,49,310,-45.2,32.7,746,355,18,41
104,F_33_4094,37.65261534,-107.0840029,2906,2.3,13.2,-7.8,21,742,281,16.6,47.1,995,883,5701,10,96,188,235,48,341,-45.1,32.5,739,335,18.3,41
105,F_33_4097,37.6507714,-107.0817639,2987,2.1,12.9,-7.7,20.6,784,292,15.4,44.2,1013,831,5788,8,95,188,235,47,374,-44.9,32.1,720,301,18.2,42
106,F_33_4106,37.65202457,-107.0791806,2945,2.2,13,-7.7,20.8,759,286,16.1,45.7,1005,856,5743,9,95,188,235,48,355,-45.1,32.3,729,319,18,42
107,F_33_4204,37.64475014,-107.1147574,3034,1.9,12.4,-7.3,19.7,913,314,13,39.5,1017,762,5877,6,94,188,235,47,469,-44.2,31.4,691,255,18.7,44
108,F_33_4503,37.65698837,-106.7992617,3560,0.5,10.9,-8,19,1148,363,9.1,30.1,1212,558,6373,3,93,188,234,45,699,-43.3,29.2,534,147,19.1,51
109,F_33_6670,37.60110278,-106.8204219,3279,0.9,11.5,-8.2,19.7,1070,349,10.2,32.8,1169,626,6231,4,90,188,232,44,620,-44.4,30.2,575,189,19.1,47
110,F_33_9339,37.50921535,-106.945145,2804,3.1,14.2,-7.1,21.3,1000,327,13.1,43.6,898,1023,5429,16,120,179,248,69,480,-42.8,33,729,276,18.4,46
111,F_34_2103,37.69208087,-107.0782463,3243,1.3,11.7,-7.6,19.3,861,312,13.1,37.5,1084,663,6081,5,91,189,233,44,453,-44,30.4,589,226,18,46
112,F_34_4381,37.63890662,-107.1018653,2961,2,12.6,-7.4,20,846,304,14.2,41.5,1008,795,5825,7,94,187,235,48,419,-44.3,31.7,706,279,18.4,43
113,F_34_722,37.73606888,-107.2342754,3184,1.4,11.9,-7.8,19.7,675,274,16.8,43.4,1088,687,6053,5,83,192,229,37,329,-45.3,31.1,618,290,18.3,43
114,F_34_8850,37.53141092,-106.9610441,3040,2.2,13.1,-7.5,20.6,1198,361,10.2,36.4,1001,859,5744,9,113,182,245,63,653,-43.3,31.7,678,205,19.4,48
115,F_41_1233,37.72544062,-107.0834672,2832,2,13.3,-8.7,22.1,542,238,22.2,56.1,1083,886,5805,10,89,189,231,41,229,-47,32.9,755,419,18.1,39
116,F_41_1394,37.71241869,-107.0752865,3055,1.6,12.5,-8.2,20.6,684,272,16.9,45.8,1094,760,5972,7,90,190,232,42,328,-45.6,31.5,632,305,17.9,42
117,F_41_1428,37.71043433,-107.0682095,3059,1.6,12.5,-8.4,20.9,681,271,17,46.1,1108,766,5982,7,90,190,232,42,327,-45.9,31.6,702,314,18,42
118,F_41_1823,37.70998418,-107.0779183,3131,1.4,12.1,-8,20.1,739,285,15.4,42.5,1098,713,6035,6,89,190,232,42,369,-45,31,613,274,17.9,44
119,F_41_2238,37.68610834,-107.0740199,3272,1.3,11.7,-7.6,19.3,885,317,12.7,36.9,1092,659,6095,5,91,189,234,45,470,-44,30.3,586,221,18.2,46
120,F_41_2956,37.67945584,-107.0384688,2787,2.3,13.7,-8.8,22.5,547,241,22.5,57.1,1062,945,5712,12,94,189,233,45,227,-46.9,33.3,769,433,17.3,39
121,F_41_3031,37.67743734,-107.0379374,2826,2.2,13.6,-8.6,22.2,583,248,21,54.6,1061,923,5735,11,94,188,233,45,250,-46.7,33.1,760,408,17.3,39
122,F_41_3048,37.67392224,-107.051991,2845,2.3,13.5,-8.4,21.8,602,253,20.4,53.3,1040,909,5725,11,95,188,234,46,260,-46.2,32.9,752,390,17.4,40
123,F_41_3123,37.67045613,-107.0543784,2985,2,12.9,-8.1,21,713,277,16.8,46.6,1046,834,5824,8,94,188,234,46,334,-45.6,32.1,722,325,17.4,42
124,F_41_3219,37.66731102,-107.0605724,2886,2.2,13.3,-8.1,21.4,641,262,19.1,50.9,1024,887,5732,10,95,188,234,46,283,-45.6,32.6,742,368,17.7,41
125,F_41_3233,37.6658169,-107.0563365,3041,1.9,12.7,-7.9,20.6,762,288,15.6,44.2,1041,805,5853,8,94,188,234,46,366,-45.2,31.8,710,297,17.5,42
126,F_41_3333,37.66299105,-107.0597274,3061,1.9,12.7,-7.8,20.4,780,292,15.3,43.3,1037,796,5859,7,94,188,235,47,378,-45,31.7,705,288,17.6,43
127,F_41_4278,37.6440392,-107.0863699,2962,2.1,13,-7.8,20.7,799,294,15.2,44.1,1016,841,5781,8,95,188,235,47,384,-45,32.2,724,303,18.2,42
128,F_41_5154,37.63311365,-107.0469471,3311,1,11.5,-8,19.5,1015,344,10.8,33.4,1144,630,6195,4,87,190,231,42,570,-44.8,30.2,584,198,17.9,45
129,F_41_6749,37.59674232,-106.8080149,3171,1.3,12.1,-8.1,20.2,926,314,12.2,38.4,1123,705,6078,5,95,187,234,47,508,-44.2,30.9,597,233,19.6,46
130,F_41_6756,37.59668553,-106.8164066,3286,1,11.6,-8.2,19.8,1027,339,10.7,34.3,1161,644,6201,4,92,188,233,46,589,-44.3,30.3,578,198,19.3,47
131,F_41_6824,37.59190238,-106.8086226,3214,1.2,11.9,-8.1,20.1,961,322,11.7,37.1,1131,688,6109,5,94,187,234,47,535,-44.2,30.7,591,220,19.6,47
132,F_41_709,37.74491532,-107.2291963,3062,1.6,12.3,-7.9,20.2,598,256,19.5,48.3,1068,750,5951,6,84,191,229,37,270,-45.8,31.7,710,346,18.7,41
133,F_41_7493,37.58836478,-106.8030442,3115,1.5,12.3,-8,20.4,872,302,13.2,40.9,1096,742,6000,6,96,186,235,49,464,-44.2,31.2,609,255,19.8,46
134,F_41_7563,37.58486427,-106.8056437,3152,1.4,12.2,-8.1,20.3,904,309,12.6,39.5,1105,726,6031,6,96,187,235,48,489,-44.2,31.1,604,242,19.7,46
135,F_41_7570,37.58529265,-106.8017922,3102,1.6,12.4,-8,20.4,859,299,13.5,41.5,1089,752,5979,6,97,186,236,49,454,-44.2,31.3,612,260,19.8,46
136,F_41_7797,37.57520591,-106.7977784,3118,1.6,12.4,-8,20.4,885,304,13.1,40.6,1087,749,5980,6,98,186,236,50,471,-44.2,31.2,609,252,19.8,46
137,F_41_9284,37.51044751,-106.9474849,2786,3.2,14.3,-7,21.4,991,325,13.3,44.1,893,1036,5407,16,121,179,248,69,472,-42.8,33.1,733,281,18.6,46
138,F_41_9340,37.50817269,-106.9427875,2818,3,14.2,-7.1,21.2,1006,328,13,43.2,903,1013,5447,15,120,179,247,68,486,-42.8,32.9,726,271,18.3,47
139,F_41_9666,37.49200222,-106.9308429,2690,3.7,14.9,-6.8,21.8,882,300,15.5,49.8,839,1132,5225,22,126,177,250,73,398,-42.3,33.7,761,337,17.3,46
140,F_42_1395,37.71267531,-107.0719699,3022,1.7,12.6,-8.3,21,659,266,17.7,47.4,1095,783,5946,7,90,190,232,42,310,-45.9,31.8,709,328,17.9,42
141,F_42_1892,37.70658377,-107.0770634,3153,1.4,12,-7.9,19.9,763,290,14.9,41.3,1096,699,6050,5,90,190,232,42,386,-44.8,30.9,607,263,17.8,44
142,F_42_1951,37.7030351,-107.079505,3195,1.3,11.8,-7.7,19.4,804,300,14.1,39.3,1089,670,6077,5,90,190,233,43,415,-44.3,30.5,594,241,17.6,45
143,F_42_2840,37.68512402,-107.0725977,3238,1.3,11.8,-7.7,19.5,863,312,13.1,37.9,1087,679,6065,5,91,189,234,45,452,-44.2,30.6,594,230,18.2,45
144,F_42_3029,37.67697967,-107.0471884,2845,2.2,13.5,-8.5,22,598,252,20.4,53.6,1052,911,5738,11,94,188,234,45,259,-46.4,32.9,754,396,17.3,40
145,F_42_3132,37.67025675,-107.0419925,3105,1.7,12.5,-8,20.5,807,298,14.5,42,1069,774,5924,7,93,188,234,46,402,-45.5,31.6,699,278,17,43
146,F_42_3136,37.66946143,-107.0509498,3066,1.8,12.6,-8,20.6,777,292,15.2,43.4,1055,792,5886,7,94,188,234,46,379,-45.4,31.7,705,290,17.3,42
147,F_42_4102,37.65134268,-107.0846248,2938,2.2,13.1,-7.8,20.9,762,286,16.1,45.9,1004,863,5735,9,96,188,235,47,356,-45,32.4,732,321,18.3,42
148,F_42_4115,37.64989888,-107.0765597,3045,1.9,12.7,-7.7,20.4,817,299,14.6,42.3,1030,797,5850,7,94,188,235,47,400,-44.8,31.7,707,282,18.1,43
149,F_42_4284,37.6426168,-107.0873048,2983,2,12.9,-7.8,20.6,814,297,14.8,43.3,1023,827,5806,8,94,188,235,46,396,-44.9,32,719,295,18.2,42
150,F_42_4363,37.64221751,-107.0432077,3204,1.3,12,-7.9,19.9,919,323,12.3,37,1101,695,6061,5,90,189,232,44,489,-45,30.9,606,230,17.5,44
151,F_42_6803,37.59493934,-106.811573,3239,1.1,11.8,-8.2,20,986,328,11.3,36.1,1143,672,6144,5,93,188,234,46,556,-44.2,30.5,586,211,19.5,47
152,F_42_6809,37.59439811,-106.8116052,3245,1.1,11.8,-8.2,20,991,329,11.2,35.9,1144,669,6149,5,93,188,234,46,560,-44.2,30.5,585,211,19.5,47
153,F_42_7856,37.56772734,-106.7941113,3013,1.8,12.7,-8,20.7,816,289,14.4,44,1067,797,5898,7,99,185,237,52,419,-44.4,31.7,690,282,19.7,45
154,F_42_9693,37.48950893,-106.9301001,2704,3.6,14.9,-6.8,21.7,890,302,15.3,49.2,844,1120,5246,21,125,177,250,72,404,-42.3,33.7,758,331,17.5,46
155,F_43_1952,37.70195414,-107.0728282,3090,1.5,12.3,-7.9,20.2,744,286,15.5,42.9,1082,736,5986,6,91,190,233,43,367,-45,31.2,620,280,17.6,43
156,F_43_1961,37.70116056,-107.0789989,3209,1.3,11.8,-7.6,19.3,830,306,13.6,38.5,1084,667,6075,5,90,189,233,43,432,-44.1,30.5,592,235,17.7,45
157,F_43_2017,37.70059545,-107.0686052,3057,1.6,12.5,-8.1,20.6,720,280,16.1,44.5,1086,762,5961,7,91,190,233,43,349,-45.4,31.5,697,296,17.7,43
158,F_43_2107,37.69270922,-107.0799196,3241,1.3,11.7,-7.5,19.2,861,312,13.1,37.5,1081,661,6079,5,91,189,233,44,452,-43.9,30.4,588,226,18,46
159,F_43_664,37.73905554,-107.2378716,3080,1.6,12.2,-7.7,20,617,260,18.8,47,1061,734,5962,6,84,191,229,37,283,-45.4,31.6,703,331,18.4,42
160,F_43_712,37.7377428,-107.2462405,3132,1.5,12,-7.6,19.6,648,267,17.8,44.9,1059,707,5993,5,83,192,229,37,305,-45.1,31.3,624,303,18.2,42
161,F_43_9282,37.51022614,-106.9505224,2768,3.2,14.4,-7,21.4,980,323,13.5,44.7,885,1052,5380,17,122,178,248,70,462,-42.8,33.2,737,286,18.6,46
162,F_44_2160,37.6913505,-107.0798023,3249,1.3,11.7,-7.5,19.2,867,314,13,37.3,1081,659,6082,5,91,189,233,44,457,-43.9,30.4,587,224,18,46
163,F_44_6742,37.59882621,-106.8143405,3238,1,11.6,-8.1,19.8,1031,340,10.7,34.2,1150,650,6179,4,91,188,233,45,587,-44.4,30.4,583,200,19.3,47
164,F_44_8602,37.55320528,-106.8025927,2900,1.9,13,-8.2,21.1,782,283,15.2,45.9,1063,833,5849,8,100,185,237,52,393,-44.6,32,706,303,19.3,44
165,N_11_10036,37.47142208,-106.7772758,3194,1.6,12.4,-7.8,20.2,1123,375,10.3,33,1079,747,5976,6,106,185,241,56,608,-42.9,30.7,587,177,19.6,50
166,N_11_10105,37.46709287,-106.8571592,3031,2.5,13.5,-7.3,20.8,1064,337,11.8,40,950,910,5623,11,117,182,246,63,549,-42.1,31.9,692,234,19,49
167,N_12_10009,37.47212811,-106.8232023,2658,3.7,15.2,-6.9,22.1,874,290,15.7,52.3,845,1167,5198,24,125,177,249,72,401,-42.2,34,776,369,19,45
168,N_12_7311,37.58364663,-107.0007131,3311,0.3,10.8,-8.4,19.2,1217,382,8.5,28.2,1246,538,6438,3,81,191,229,38,754,-44.6,29.4,556,152,17.9,47
169,N_12_7372,37.5805799,-106.9971432,3356,0.1,10.5,-8.6,19.1,1257,389,8,27,1273,510,6509,3,79,191,228,37,795,-44.6,29.1,545,138,18.1,48
170,N_12_9386,37.51298937,-106.8482156,3150,1.5,12.2,-7.7,19.9,1143,348,10.1,35.1,1078,724,6002,6,100,187,237,50,654,-43.1,30.8,594,201,19.1,48
171,N_12_9476,37.50982371,-106.8477868,3177,1.5,12.1,-7.8,19.9,1169,353,9.8,34.3,1084,714,6022,6,100,187,237,50,673,-43,30.7,589,193,19.1,48
173,N_12_9944,37.479043,-106.8101616,3378,1.1,11.7,-7.8,19.5,1278,392,8.7,30,1124,658,6140,5,105,185,240,55,751,-42.6,29.8,552,140,19.7,52
174,N_12_9983,37.47481073,-106.8274854,3225,1.6,12.4,-7.6,20,1186,362,9.8,34.3,1063,750,5952,6,109,184,242,58,672,-42.4,30.6,581,182,19.4,50
175,N_12_9985,37.47404087,-106.842235,3185,1.8,12.6,-7.5,20.1,1163,355,10.2,35.5,1039,775,5894,7,110,184,242,58,651,-42.3,30.9,590,194,19.2,50
176,N_13_10006,37.47354696,-106.822366,2658,3.7,15.2,-6.9,22.1,875,291,15.7,52.1,847,1164,5203,24,125,177,248,72,402,-42.2,34,776,366,19.1,45
177,N_13_10010,37.47224943,-106.8409471,3266,1.6,12.3,-7.6,19.9,1232,369,9.4,33.3,1063,735,5971,6,109,185,242,57,706,-42.3,30.4,574,172,19.3,51
178,N_13_10016,37.47042141,-106.8245855,2665,3.7,15.2,-6.9,22.1,876,290,15.7,52.2,844,1165,5199,24,125,176,249,72,403,-42.1,34,775,366,19,45
179,N_13_10153,37.4682559,-106.8247477,2649,3.8,15.3,-6.9,22.1,862,287,16,53.1,837,1181,5173,25,126,176,249,73,393,-42.1,34.1,780,377,19,45
180,N_13_10165,37.46514548,-106.8554829,3107,2.3,13.1,-7.4,20.5,1108,346,11.1,38,982,857,5723,9,115,183,244,61,591,-42.2,31.5,675,213,19,49
181,N_13_5495,37.62172443,-106.9754815,3272,0.9,11.5,-8.4,19.9,1093,355,9.9,32.4,1185,632,6242,4,84,189,230,41,635,-45.4,30.4,590,196,19.2,44
182,N_13_7514,37.57919922,-106.9465572,3328,-0.1,10.3,-8.8,19.1,1396,410,7.1,25.2,1301,490,6572,2,81,190,230,40,915,-44.5,28.7,529,113,20.4,49
183,N_13_8188,37.56453614,-107.0009942,3541,-0.1,10.2,-8.7,18.9,1342,403,7.3,25.3,1308,470,6606,2,80,191,227,36,876,-44.2,28.5,524,111,18.9,50
184,N_13_8230,37.5584876,-106.9904174,3513,0,10.3,-8.7,19,1354,402,7.4,25.7,1293,486,6565,2,82,191,228,38,882,-44.1,28.6,527,115,19.6,50
185,N_13_8269,37.55764733,-106.9932139,3490,0,10.4,-8.6,19,1348,400,7.4,26,1286,494,6547,2,82,191,228,38,875,-44.1,28.7,530,118,19.5,50
186,N_13_8276,37.55501881,-106.989295,3462,0.2,10.6,-8.6,19.2,1345,398,7.6,26.7,1264,519,6486,3,85,190,230,40,864,-44,28.9,535,123,19.6,50
187,N_13_9397,37.51140803,-106.848482,3176,1.4,12.1,-7.8,19.9,1166,353,9.8,34.3,1085,712,6025,6,100,187,237,50,671,-43,30.7,589,194,19.1,48
188,N_13_9536,37.50517346,-106.8546747,3248,1.2,11.8,-7.8,19.6,1229,367,9.1,32.2,1107,673,6099,5,99,188,237,49,723,-42.8,30.3,574,172,19.4,50
189,N_13_9874,37.48025082,-106.8398995,3114,2,12.8,-7.5,20.3,1118,344,10.7,37.2,1025,805,5840,8,110,184,242,58,617,-42.5,31.2,666,210,19.2,49
190,N_13_9886,37.47902446,-106.8428323,3109,2,12.8,-7.5,20.3,1112,343,10.8,37.4,1021,810,5829,8,110,184,242,58,611,-42.4,31.2,668,211,19.2,49
191,N_13_9892,37.47935313,-106.8163776,2643,3.4,14.8,-7,21.8,733,268,18.3,55.1,888,1102,5322,20,120,177,246,70,336,-42.5,33.8,767,403,19.3,45
192,N_13_9943,37.47768248,-106.8018847,3376,1.1,11.7,-7.8,19.6,1259,393,8.8,29.8,1129,656,6148,5,104,185,240,54,734,-42.6,29.8,552,139,19.8,52
193,N_13_9945,37.47772581,-106.8184643,2612,3.5,14.9,-6.9,21.9,710,262,19,57,876,1126,5277,22,121,176,247,71,322,-42.5,34,774,423,19.2,45
194,N_13_9946,37.4792935,-106.812633,3228,1.3,12.1,-8,20,1176,371,9.6,32.6,1112,703,6068,5,105,186,240,54,670,-43,30.3,572,170,19.6,50
195,N_13_9947,37.47624256,-106.8046999,3371,1.1,11.8,-7.8,19.6,1258,392,8.9,30,1125,661,6137,5,105,185,240,55,734,-42.6,29.8,553,141,19.7,52
196,N_13_9966,37.47508932,-106.8076236,3395,1.1,11.7,-7.8,19.5,1279,394,8.7,29.8,1124,657,6141,5,105,185,240,55,750,-42.5,29.7,550,138,19.7,52
197,N_13_9986,37.47243479,-106.8423538,3230,1.7,12.5,-7.6,20,1213,364,9.7,34.2,1048,757,5926,7,110,184,242,58,687,-42.3,30.6,582,180,19.2,51
198,N_14_10015,37.47122817,-106.8457504,3217,1.8,12.5,-7.5,20.1,1200,362,9.8,34.6,1040,767,5905,7,110,184,242,58,675,-42.3,30.7,585,184,19.2,50
199,N_14_10023,37.47472852,-106.7999706,3392,1.1,11.7,-7.8,19.5,1262,395,8.8,29.6,1129,655,6150,5,105,185,240,55,736,-42.6,29.8,551,138,19.8,52
200,N_14_5297,37.63189559,-106.9611102,3611,-0.3,10,-8.7,18.8,1314,404,7.4,24.8,1326,456,6647,2,75,191,226,36,857,-44.7,28.5,526,116,20.6,48
201,N_14_8268,37.55735428,-106.9860063,3495,0,10.4,-8.6,19,1355,401,7.4,26,1286,495,6545,2,82,191,229,38,880,-44.1,28.7,530,118,19.8,50
202,N_14_8882,37.53525975,-106.8699172,3505,0.2,10.5,-8.4,18.9,1450,418,7,25.2,1249,510,6480,3,88,190,232,42,936,-43.2,28.7,525,107,18.8,51
203,N_14_8925,37.54095423,-106.7951105,2840,2,13.1,-8.3,21.4,747,274,16.1,47.8,1064,856,5818,9,101,185,237,53,369,-44.9,32.2,713,322,19.1,44
204,N_14_9086,37.52794075,-106.8413082,3188,1.4,12.1,-7.9,19.9,1119,349,10.2,34.6,1101,705,6053,5,99,186,237,51,639,-43.5,30.7,588,197,18.9,48
205,N_14_9830,37.4821538,-106.8363385,2533,3.7,15.1,-6.8,21.9,665,244,20.6,61.8,854,1160,5218,24,119,177,245,69,300,-42.5,34.4,794,470,18.9,43
206,N_14_9967,37.47547668,-106.8141013,3302,1.3,12,-7.8,19.8,1223,379,9.3,31.7,1103,695,6068,5,106,185,241,56,704,-42.6,30.1,565,158,19.6,51
207,N_21_2935,37.41138898,-107.0286035,2778,3.9,15.1,-6.2,21.3,876,332,15.8,45.3,782,1150,5142,23,134,174,254,80,345,-40.8,33.4,742,289,19,48
208,N_21_5201,37.63611292,-106.9611305,3604,-0.3,10,-8.8,18.8,1306,403,7.5,24.9,1324,458,6644,2,75,191,226,36,850,-44.7,28.5,527,117,20.5,48
209,N_21_9829,37.48265286,-106.8395965,3107,1.9,12.8,-7.5,20.3,1118,343,10.7,37.3,1026,805,5841,8,109,184,241,58,617,-42.5,31.2,667,210,19.2,49
210,N_21_9984,37.47200682,-106.8472509,3178,1.9,12.7,-7.5,20.2,1180,357,10.1,35.5,1024,790,5858,7,111,184,242,58,657,-42.3,30.9,592,194,19.2,50
211,N_22_10097,37.46800301,-106.8542984,3080,2.3,13.2,-7.4,20.5,1111,342,11.1,38.5,979,861,5713,9,114,183,244,61,595,-42.2,31.6,679,219,19,49
212,N_22_10161,37.46603465,-106.8539558,3092,2.3,13.1,-7.4,20.5,1112,343,11,38.4,981,858,5720,9,114,183,244,61,596,-42.2,31.5,677,216,19,49
213,N_22_10166,37.46568919,-106.8575881,3079,2.4,13.3,-7.3,20.6,1091,342,11.3,38.8,970,876,5686,10,115,183,245,62,576,-42.1,31.6,681,221,19,49
214,N_22_2381,37.69101877,-106.9142643,3238,1.2,11.8,-7.9,19.7,990,338,11.3,34.8,1116,675,6105,5,91,189,233,45,540,-44.2,30.7,592,210,20.4,46
215,N_22_5497,37.62263376,-106.9593259,3508,0,10.4,-8.6,19.1,1274,394,7.9,26.5,1287,502,6537,2,78,190,227,37,810,-45,29,544,136,20.9,47
216,N_22_5596,37.61986791,-106.9619838,3550,-0.1,10.3,-8.7,19,1290,398,7.7,25.9,1299,488,6571,2,77,190,227,37,827,-45,28.9,539,129,20.7,47
217,N_22_7310,37.58563068,-107.0011626,3295,0.4,10.8,-8.4,19.2,1201,379,8.6,28.6,1237,549,6413,3,81,191,229,39,738,-44.6,29.5,560,156,17.9,47
218,N_22_7469,37.57712368,-106.9979454,3383,0,10.4,-8.6,19.1,1293,395,7.8,26.4,1286,498,6541,2,79,191,228,37,828,-44.5,28.9,539,128,18.4,48
219,N_22_7510,37.57949796,-106.941005,3313,0,10.4,-8.7,19.1,1386,408,7.2,25.6,1287,502,6537,2,83,190,230,41,901,-44.4,28.9,532,116,20.1,49
220,N_22_7525,37.57789009,-106.9505203,3359,-0.2,10.2,-8.8,19.1,1407,412,7,24.8,1316,475,6610,2,80,190,229,39,930,-44.5,28.6,525,107,20.7,50
221,N_22_7527,37.57795377,-106.9483026,3366,-0.1,10.2,-8.8,19.1,1403,411,7,24.9,1312,478,6601,2,80,190,229,39,925,-44.5,28.6,526,109,20.6,49
222,N_22_7537,37.57480491,-106.9577772,3436,-0.2,10.2,-8.9,19.1,1409,411,7,24.8,1319,473,6617,2,79,190,228,38,933,-44.5,28.6,525,107,21.2,50
223,N_22_9105,37.52608144,-106.835118,3122,1.6,12.4,-7.8,20.2,1063,337,10.9,36.8,1073,749,5965,6,101,185,238,53,591,-43.5,31.1,601,215,18.9,47
224,N_22_9192,37.51813284,-106.8455025,3150,1.5,12.2,-7.8,20,1109,346,10.3,35.3,1089,723,6017,6,100,186,238,52,629,-43.3,30.8,592,201,19.1,48
225,N_23_10230,37.46955499,-106.7713743,3207,1.6,12.4,-7.8,20.2,1126,375,10.3,33,1078,748,5973,6,106,185,241,56,610,-43,30.7,587,179,19.4,50
226,N_23_10253,37.46330578,-106.8143611,3383,1.2,11.8,-7.8,19.6,1252,388,8.9,30.4,1123,664,6130,5,106,185,241,55,732,-42.5,29.8,552,144,19.6,52
227,N_23_11369,37.73493008,-107.2875148,3146,1.5,11.9,-7.5,19.4,682,281,16.9,42.3,1057,694,6007,5,82,192,228,36,324,-44.9,31.2,621,286,18.5,42
228,N_23_2942,37.68262531,-106.9980967,2835,2.1,13.4,-8.7,22.1,644,261,18.8,51.2,1080,895,5789,10,92,188,232,45,290,-47.1,32.9,753,380,17.9,39
229,N_23_7374,37.58194893,-106.9977234,3362,0.1,10.5,-8.6,19.1,1252,389,8.1,27.1,1272,511,6505,3,79,191,228,37,790,-44.6,29.1,546,139,18.1,48
230,N_23_8883,37.53444849,-106.8733373,3519,0.1,10.4,-8.4,18.8,1472,422,6.9,24.7,1258,500,6505,2,87,190,232,42,957,-43.2,28.6,521,103,18.8,52
231,N_23_9158,37.52262231,-106.8431124,3198,1.3,12,-7.9,19.9,1140,353,10,34.1,1103,700,6061,5,99,186,237,51,655,-43.4,30.6,585,192,19,48
232,N_24_11379,37.73267377,-107.2592039,3160,1.4,11.9,-7.6,19.4,679,276,16.9,42.9,1066,687,6027,5,83,192,229,37,327,-44.9,31.1,617,287,18.1,43
233,N_24_11404,37.72119407,-107.2652535,2866,2.2,12.9,-7.4,20.3,554,250,22,51.4,993,830,5761,8,86,190,230,40,224,-45.5,32.5,741,383,17.5,40
234,N_24_11902,37.81998404,-107.1554884,2943,1.7,12.8,-8.7,21.5,509,234,23,54.6,1112,808,5936,8,83,191,227,36,215,-47,32.4,737,407,18.8,39
235,N_24_11982,37.80796352,-107.2385081,3300,1.1,11.4,-7.7,19,784,302,14.1,37.6,1108,621,6162,4,80,192,228,36,409,-45,30.4,593,241,20.3,44
236,N_24_16,37.80141142,-107.2489518,3303,1.1,11.3,-7.5,18.8,802,308,13.9,36.8,1091,615,6149,4,81,192,228,36,418,-44.7,30.3,589,231,20.5,44
237,N_24_21,37.80571534,-107.1274281,2931,1.7,13.1,-9.2,22.3,488,231,24,56.8,1147,844,5925,9,84,191,228,37,200,-47.9,32.7,750,430,18.6,38
238,N_24_5395,37.62794009,-106.960519,3555,-0.1,10.3,-8.7,18.9,1290,398,7.7,25.7,1304,481,6587,2,76,190,227,36,829,-44.9,28.8,536,128,20.7,48
239,N_24_8660,37.54772101,-106.7815313,2891,1.9,13,-8.2,21.2,765,280,15.6,46.5,1065,840,5838,9,101,185,238,53,380,-44.7,32,705,308,19,45
240,N_24_8872,37.54137517,-106.8047412,2831,2.1,13.2,-8.2,21.3,761,277,15.8,47.5,1054,862,5799,9,101,185,237,53,377,-44.7,32.3,716,322,19,44
241,N_24_9041,37.5319707,-106.8109198,2834,2.1,13.1,-8.1,21.3,760,277,15.9,47.5,1047,862,5791,9,100,185,237,52,375,-44.6,32.3,717,324,18.9,44
242,N_24_9096,37.52625133,-106.8502176,3245,1.1,11.8,-8,19.7,1177,361,9.5,32.5,1129,664,6138,5,96,187,236,49,690,-43.4,30.3,576,180,19,49
243,N_24_9102,37.52660266,-106.821246,2929,2,13,-7.8,20.8,849,295,14.2,44,1039,836,5817,9,102,184,238,54,434,-44,32,701,284,19,45
244,N_24_9166,37.52115897,-106.8427482,3176,1.4,12.1,-7.9,20,1124,349,10.2,34.7,1095,713,6037,6,100,186,237,51,641,-43.3,30.7,588,196,19,48
245,N_24_9486,37.50782076,-106.8536768,3240,1.3,11.8,-7.8,19.7,1220,365,9.2,32.4,1106,676,6095,5,99,188,237,49,716,-42.9,30.3,576,175,19.3,49
246,N_31_10033,37.47200012,-106.7717939,3198,1.6,12.4,-7.8,20.2,1124,374,10.3,33.1,1076,750,5969,6,106,185,241,56,608,-43,30.8,588,180,19.5,50
247,N_31_10469,37.45040348,-106.8252408,3395,1.3,11.9,-7.7,19.6,1250,383,9,31.1,1106,677,6095,5,108,184,242,57,730,-42.2,29.8,552,146,19.6,53
248,N_31_11103,37.42187135,-106.8315426,2844,3.3,14.4,-7.1,21.5,935,310,14.2,46.4,875,1049,5368,17,124,179,248,69,438,-41.8,33,734,298,19.4,48
249,N_31_5193,37.63758028,-106.9617697,3589,-0.2,10.1,-8.7,18.8,1294,400,7.6,25.2,1318,464,6627,2,76,191,226,36,838,-44.7,28.6,529,121,20.4,48
250,N_31_5496,37.62131251,-106.9601976,3529,0,10.4,-8.7,19,1284,396,7.8,26.2,1293,494,6555,2,77,190,227,37,820,-45,28.9,541,132,20.9,47
251,N_31_5843,37.61677315,-106.8379911,3506,0.2,10.6,-8.4,19,1240,386,8.2,27.6,1259,524,6475,3,87,189,231,42,778,-44.1,29,533,132,18,50
252,N_31_7534,37.57097677,-106.9576543,3392,0,10.4,-8.8,19.2,1400,408,7.1,25.5,1297,496,6558,2,82,190,230,40,917,-44.4,28.8,531,113,21.2,49
253,N_31_9979,37.47310001,-106.8579977,2955,2.8,13.8,-7.2,21,1028,332,12.4,41.7,922,958,5533,13,118,182,246,64,513,-42.1,32.3,709,253,19.1,48
254,N_32_11365,37.73563377,-107.2832927,3127,1.5,12,-7.5,19.5,669,277,17.3,43.2,1052,703,5989,5,83,192,228,37,314,-45,31.3,624,293,18.5,42
255,N_32_5388,37.62840258,-106.9625141,3573,-0.1,10.2,-8.7,18.9,1292,399,7.6,25.5,1309,475,6600,2,76,190,227,36,833,-44.9,28.7,534,125,20.5,48
256,N_32_5487,37.62071859,-106.9715007,3392,0.5,11,-8.5,19.5,1172,373,8.9,29.6,1231,569,6378,3,81,190,229,39,710,-45.3,29.8,569,169,19.7,46
257,N_32_5597,37.61818754,-106.9557196,3493,0.1,10.5,-8.6,19.1,1273,393,7.9,26.7,1280,509,6519,3,78,190,227,37,807,-45,29.1,546,138,20.8,47
258,N_32_5679,37.61610801,-106.9604688,3556,-0.1,10.3,-8.7,19,1302,400,7.6,25.7,1304,482,6585,2,76,190,227,37,839,-44.9,28.8,537,127,20.9,48
259,N_32_9048,37.528062,-106.857731,3327,0.9,11.4,-8,19.4,1335,391,8.1,29,1157,614,6235,4,95,188,236,47,815,-43.2,29.7,556,143,19,50
260,N_32_9087,37.52684466,-106.846283,3210,1.3,11.9,-7.9,19.9,1144,354,9.8,33.7,1114,686,6091,5,98,187,236,50,661,-43.4,30.5,583,189,18.9,48
261,N_32_9093,37.52845382,-106.8384578,3329,1,11.6,-8,19.6,1234,373,8.9,31.1,1137,643,6174,4,97,187,236,49,734,-43.4,30,565,163,18.9,49
262,N_32_9160,37.5222961,-106.8298994,2973,2,12.9,-7.7,20.6,905,305,13.2,42.3,1036,823,5830,8,103,184,238,54,474,-43.7,31.8,693,269,18.9,46
263,N_33_11140,37.80629912,-107.2440459,3308,1.1,11.3,-7.5,18.8,800,307,13.9,36.8,1094,616,6151,4,81,192,228,36,418,-44.8,30.3,589,231,20.5,44
264,N_33_11376,37.73332597,-107.2604378,3157,1.5,11.9,-7.6,19.4,676,276,16.9,43,1064,689,6023,5,83,192,229,37,325,-44.9,31.1,618,288,18.1,43
265,N_33_11975,37.81466535,-107.1619789,2970,1.6,12.7,-8.6,21.3,529,239,22,53,1112,790,5956,7,82,192,228,36,229,-46.9,32.2,729,391,19,40
266,N_33_3,37.80324072,-107.2470652,3309,1.1,11.3,-7.5,18.8,804,308,13.8,36.6,1093,614,6153,4,81,192,228,36,420,-44.7,30.3,588,230,20.5,44
267,N_33_4352,37.64350728,-107.0384603,3207,1.3,12,-7.9,19.9,922,324,12.3,36.9,1103,694,6064,5,89,189,232,44,492,-45.1,30.9,605,229,17.4,44
268,N_33_8644,37.54974819,-106.770792,2903,1.9,13,-8.3,21.3,781,283,15.3,46,1067,841,5839,9,101,185,238,52,390,-44.8,32,706,304,18.6,45
269,N_33_8651,37.54822412,-106.7726576,2850,2.1,13.2,-8.2,21.3,734,274,16.4,48,1053,863,5798,9,102,184,238,54,357,-44.5,32.2,712,323,18.7,45
270,N_34_11173,37.80947656,-107.1277405,2908,1.8,13.2,-9.1,22.2,473,227,25,58,1130,856,5891,9,84,191,228,37,189,-47.8,32.9,755,443,18.6,38
271,N_34_11403,37.72122374,-107.2613631,2880,2.1,12.8,-7.4,20.3,559,251,21.7,51.1,999,823,5777,8,86,190,230,40,228,-45.5,32.4,737,378,17.4,40
272,N_34_11912,37.82219526,-107.1459304,2941,1.8,12.9,-8.5,21.4,505,233,23.3,55.1,1094,819,5899,8,83,191,227,36,210,-47,32.5,742,415,18.7,39
273,N_34_11957,37.81640798,-107.1637564,3018,1.6,12.5,-8.4,20.9,561,246,20.6,50.7,1110,765,5985,7,82,192,228,36,251,-46.6,32,719,368,19,40
274,N_34_20,37.7984243,-107.2529496,3275,1.2,11.4,-7.5,18.9,780,302,14.3,37.8,1086,628,6126,4,81,192,228,36,401,-44.8,30.5,595,241,20.3,44
275,N_34_8693,37.54325092,-106.7940225,2806,2.1,13.2,-8.3,21.5,715,268,16.9,49.4,1056,873,5789,10,101,185,238,53,347,-44.9,32.4,720,338,19.1,44
276,N_34_9082,37.53090626,-106.8068653,2843,2,13.1,-8.2,21.3,766,279,15.7,47,1053,856,5804,9,101,185,237,52,380,-44.7,32.2,714,318,19,44
277,N_34_9099,37.5253487,-106.8497313,3207,1.2,11.9,-8,19.9,1146,355,9.8,33.5,1117,683,6099,5,97,187,236,49,663,-43.4,30.5,582,188,19,48
278,N_34_9104,37.52707595,-106.8156787,2895,2.1,13.1,-7.9,21,812,288,14.8,45.3,1039,849,5797,9,102,184,238,54,409,-44.2,32.1,706,298,19,45
279,N_41_10019,37.47421207,-106.7787328,3192,1.4,12.2,-8,20.2,1097,371,10.4,32.9,1109,723,6041,6,104,186,240,55,598,-43.3,30.6,581,177,19.7,50
280,N_41_10031,37.4716025,-106.7814526,3179,1.6,12.4,-7.8,20.2,1118,373,10.4,33.3,1075,753,5962,6,106,185,241,56,603,-42.9,30.8,589,181,19.7,50
281,N_41_10813,37.43661546,-106.8333148,2974,2.8,13.8,-7.2,21,1012,325,12.7,42.6,922,959,5531,13,120,181,247,66,506,-41.9,32.2,705,257,19.4,49
282,N_41_10973,37.42790467,-106.8330345,2902,3,14.1,-7.1,21.3,972,318,13.4,44.4,895,1007,5443,15,122,180,247,68,469,-41.8,32.6,720,276,19.4,48
283,N_41_10975,37.42890759,-106.8322905,2900,3,14.1,-7.2,21.3,974,318,13.4,44.3,896,1005,5447,15,122,180,247,67,470,-41.9,32.6,720,276,19.4,48
284,N_41_11096,37.4212813,-106.8422521,2844,3.4,14.5,-7,21.6,914,307,14.6,47.3,861,1069,5328,18,125,179,249,70,421,-41.7,33.1,738,306,18.8,48
285,N_41_11103,37.80006457,-107.2726355,3245,1.2,11.5,-7.5,19,765,298,14.7,38.6,1086,640,6112,4,81,192,228,36,391,-44.8,30.6,600,250,20.3,43
286,N_41_11157,37.80169871,-107.267802,3242,1.2,11.5,-7.6,19.1,761,297,14.7,38.8,1090,639,6117,4,81,192,228,36,390,-44.8,30.6,600,252,20.2,43
287,N_41_11160,37.80281211,-107.2731513,3244,1.2,11.5,-7.5,19,766,299,14.7,38.5,1084,642,6106,4,81,192,228,36,391,-44.7,30.6,600,250,20.3,43
288,N_41_11162,37.80018524,-107.2677785,3259,1.2,11.4,-7.6,19,771,299,14.5,38.2,1095,632,6132,4,81,192,228,36,398,-44.8,30.5,597,246,20.2,44
289,N_41_11366,37.73577353,-107.2648468,3151,1.5,11.9,-7.5,19.4,669,275,17.2,43.3,1059,695,6008,5,83,192,229,37,319,-44.9,31.2,620,293,18.3,43
290,N_41_11407,37.71943725,-107.2628857,2977,1.8,12.4,-7.6,20,616,263,19.2,47.1,1034,763,5893,7,84,191,229,39,273,-45.4,31.9,715,338,17.4,41
291,N_41_3005,37.68087686,-106.9970406,2862,2,13.3,-8.7,21.9,671,267,17.9,49.6,1080,877,5810,10,92,188,233,45,308,-46.8,32.7,745,361,18,40
292,N_41_5381,37.62970403,-106.9601235,3581,-0.2,10.1,-8.7,18.9,1304,402,7.5,25.2,1315,469,6617,2,76,191,227,36,844,-44.8,28.6,531,122,20.7,48
293,N_41_5767,37.62100119,-106.8344355,3482,0.3,10.7,-8.4,19.1,1221,382,8.4,28,1251,531,6455,3,87,189,231,42,761,-44.1,29.1,536,137,18,50
294,N_41_5768,37.62009687,-106.8328951,3471,0.3,10.7,-8.4,19.1,1217,381,8.5,28.2,1248,535,6446,3,87,189,231,42,757,-44.1,29.1,538,138,18,50
295,N_41_6431,37.61341003,-106.8421341,3472,0.3,10.7,-8.4,19.1,1226,383,8.4,28,1250,534,6450,3,87,189,231,42,764,-44.2,29.1,538,138,18,49
296,N_42_1,37.80499819,-107.2494128,3272,1.2,11.4,-7.5,18.9,782,302,14.3,37.7,1083,629,6121,4,81,192,228,36,402,-44.7,30.5,594,241,20.4,44
297,N_42_11027,37.42553783,-106.829903,2846,3.2,14.3,-7.1,21.5,944,312,14,45.9,881,1038,5388,16,123,179,248,68,445,-41.9,32.9,732,292,19.4,48
298,N_42_11368,37.73580133,-107.2713608,3154,1.5,11.9,-7.5,19.4,674,277,17,43,1059,693,6011,5,83,192,228,37,321,-44.9,31.2,620,289,18.4,43
299,N_42_3221,37.66651013,-107.0324688,3091,1.7,12.5,-7.9,20.5,824,301,14.2,41.5,1064,775,5916,7,93,188,234,47,413,-45.5,31.6,699,273,17.1,43
300,N_42_5397,37.62754303,-106.9594661,3536,0,10.3,-8.7,19,1284,397,7.7,26,1298,488,6570,2,77,190,227,37,822,-44.9,28.9,539,131,20.8,48
301,N_42_5485,37.62373844,-106.9736087,3335,0.7,11.3,-8.5,19.7,1131,364,9.4,30.9,1209,598,6314,4,83,190,229,40,672,-45.3,30.1,579,182,19.4,45
302,N_42_5488,37.62319072,-106.971872,3412,0.4,10.9,-8.5,19.5,1179,374,8.8,29.2,1238,559,6400,3,81,190,228,39,718,-45.2,29.7,565,165,19.7,46
303,N_42_5594,37.61996497,-106.9555963,3467,0.2,10.6,-8.6,19.2,1253,389,8.1,27.3,1268,522,6486,3,79,190,228,38,786,-45,29.3,551,145,20.7,47
304,N_42_726,37.73568998,-107.2532249,3152,1.5,11.9,-7.5,19.4,665,272,17.3,43.8,1059,695,6009,5,83,192,229,37,317,-44.9,31.2,620,295,18.1,43
305,N_43_11363,37.73723006,-107.2748427,3150,1.5,11.9,-7.5,19.4,670,277,17.2,43.1,1055,697,6001,5,83,192,228,37,317,-44.9,31.2,622,292,18.5,42
306,N_43_2383,37.69053568,-106.9179263,3301,1.1,11.6,-8,19.6,1024,346,10.8,33.4,1138,646,6167,4,90,189,233,44,571,-44.1,30.4,582,196,20.5,47
307,N_43_2468,37.6875066,-106.9152173,3265,1.2,11.7,-8,19.6,1009,342,11,34.1,1125,662,6132,5,90,189,233,44,557,-44.2,30.5,589,205,20.3,46
308,N_44_8625,37.55200251,-106.7695096,2924,1.9,13,-8.3,21.2,788,284,15.1,45.6,1068,833,5855,8,101,185,238,52,396,-44.7,32,703,298,18.6,45
309,N_44_8655,37.54907735,-106.7812353,2841,2.1,13.2,-8.2,21.4,728,272,16.6,48.4,1054,864,5797,9,102,185,238,53,354,-44.7,32.3,714,328,19,44
310,N_44_9081,37.52916144,-106.8089847,2790,2.2,13.3,-8.1,21.4,724,270,16.8,49.2,1039,882,5758,10,101,185,237,52,350,-44.6,32.5,725,340,19,44
