"","Sample.Label","Area","Nc","n","ER_var","Effort","k","Covered_area","df_var","group_var","group_mean","ER_var_Nhat","rate_SE","rate","rate_df","rate_CV","p_var","p_average","ER","ER_CV","ER_df","Abundance","df_CV","group_CV","Abundance_CV","Abundance_se","df","bigC","LCI","UCI"
"1","CO-BLM-GR1-1",31415.927,6.14929169092853,4,0,2,1,6.28318530717959,2236234.40934933,0,1,0,0,1,1,0,0.000687359978594053,0.556831609154769,2,0,1,30746.4589088548,0.0486366392455683,0,0.0486366392455683,1495.40443002866,1034,1.1000783530407,27949.335448579,33823.5138782864
"2","CO-BLM-GR1-10",31415.927,1.41541647480453,1,0,2,1,6.28318530717959,149625.880944581,0,1,0,0,1,1,0,0.000687359978594053,0.556831609154769,0.5,0,1,7077.08247857115,0.0546574168995841,0,0.0546574168995841,386.815047464006,1034,1.1131258502731,6357.84576994133,7877.68345141235
"3","CO-BLM-GR1-11",31415.927,4.24624942441358,3,0,1,1,3.14159265358979,5386531.59786823,0,1,0,0,1,1,0,0.000687359978594053,0.556831609154769,3,0,1,42462.4948714269,0.0546574163103617,0,0.0546574163103617,2320.89025976418,1034,1.11312584898897,38147.0746636553,47266.1006539468
"4","CO-BLM-GR1-12",31415.927,5.66166589921811,4,0,1,1,3.14159265358979,9576056.38045318,0,1,0,0,1,1,0,0.000687359978594053,0.556831609154769,4,0,1,56616.6598285692,0.0546574168995841,0,0.0546574168995841,3094.52037971205,1034,1.1131258502731,50862.7661595306,63021.4676112988
"5","CO-BLM-GR1-13",31415.927,2.83083294960905,2,0,2,1,6.28318530717959,598503.523778324,0,1,0,0,1,1,0,0.000687359978594053,0.556831609154769,1,0,1,14154.1649571423,0.0546574168995841,0,0.0546574168995841,773.630094928011,1034,1.1131258502731,12715.6915398827,15755.3669028247
"6","CO-BLM-GR1-14",31415.927,0,0,0,2,1,6.28318530717959,0,0,NA,0,0,1,1,0,0.000687359978594053,0.556831609154769,0,NA,1,0,NA,0,0,0,1,1,0,0
"7","CO-BLM-GR1-15",31415.927,0,0,0,1,1,3.14159265358979,0,0,NA,0,0,1,1,0,0.000687359978594053,0.556831609154769,0,NA,1,0,NA,0,0,0,1,1,0,0
"8","CO-BLM-GR1-16",31415.927,2.83083294960905,2,0,1,1,3.14159265358979,2394014.0951133,0,1,0,0,1,1,0,0.000687359978594053,0.556831609154769,2,0,1,28308.3299142846,0.0546574168995841,0,0.0546574168995841,1547.26018985602,1034,1.1131258502731,25431.3830797653,31510.7338056494
"9","CO-BLM-GR1-2",31415.927,2.83083294960905,2,0,2,1,6.28318530717959,598503.523778324,0,1,0,0,1,1,0,0.000687359978594053,0.556831609154769,1,0,1,14154.1649571423,0.0546574168995841,0,0.0546574168995841,773.630094928011,1034,1.1131258502731,12715.6915398827,15755.3669028247
"10","CO-BLM-GR1-3",31415.927,2.83083294960905,2,0,1,1,3.14159265358979,2394014.0951133,0,1,0,0,1,1,0,0.000687359978594053,0.556831609154769,2,0,1,28308.3299142846,0.0546574168995841,0,0.0546574168995841,1547.26018985602,1034,1.1131258502731,25431.3830797653,31510.7338056494
"11","CO-BLM-GR1-4",31415.927,5.66166589921811,4,0,1,1,3.14159265358979,9576056.38045318,0,1,0,0,1,1,0,0.000687359978594053,0.556831609154769,4,0,1,56616.6598285692,0.0546574168995841,0,0.0546574168995841,3094.52037971205,1034,1.1131258502731,50862.7661595306,63021.4676112988
"12","CO-BLM-GR1-5",31415.927,1.41541647480453,1,0,2,1,6.28318530717959,149625.880944581,0,1,0,0,1,1,0,0.000687359978594053,0.556831609154769,0.5,0,1,7077.08247857115,0.0546574168995841,0,0.0546574168995841,386.815047464006,1034,1.1131258502731,6357.84576994133,7877.68345141235
"13","CO-BLM-GR1-6",31415.927,4.24624942441358,3,0,2,1,6.28318530717959,1346632.89946706,0,1,0,0,1,1,0,0.000687359978594053,0.556831609154769,1.5,0,1,21231.2474357135,0.0546574163103617,0,0.0546574163103617,1160.44512988209,1034,1.11312584898897,19073.5373318277,23633.0503269734
"14","CO-BLM-GR1-7",31415.927,1.41541647480453,1,0,1,1,3.14159265358979,598503.523778324,0,1,0,0,1,1,0,0.000687359978594053,0.556831609154769,1,0,1,14154.1649571423,0.0546574168995841,0,0.0546574168995841,773.630094928011,1034,1.1131258502731,12715.6915398827,15755.3669028247
"15","CO-BLM-GR1-8",31415.927,1.41541647480453,1,0,1,1,3.14159265358979,598503.523778324,0,1,0,0,1,1,0,0.000687359978594053,0.556831609154769,1,0,1,14154.1649571423,0.0546574168995841,0,0.0546574168995841,773.630094928011,1034,1.1131258502731,12715.6915398827,15755.3669028247
"16","CO-BLM-GR1-9",31415.927,4.24624942441358,3,0,2,1,6.28318530717959,1346632.89946706,0,1,0,0,1,1,0,0.000687359978594053,0.556831609154769,1.5,0,1,21231.2474357135,0.0546574163103617,0,0.0546574163103617,1160.44512988209,1034,1.11312584898897,19073.5373318277,23633.0503269734
"17","CO-BLM-GR10-1",31415.927,3.80608453302989,2,0,2,1,6.28318530717959,3003711.80668202,0,1,0,0,1,1,0,0.000687359978594053,0.556831609154769,1,0,1,19030.4229462826,0.091071122671526,0,0.091071122671526,1733.12198263193,1034,1.19522734573227,15922.0110000273,22745.6819062479
"18","CO-BLM-GR10-11",31415.927,3.66249465333406,2,0,3,1,9.42477796076938,438419.232575483,0,1,0,0,1,1,0,0.000687359978594053,0.556831609154769,0.666666666666667,0,1,12208.3156914649,0.0542361742925115,0,0.0542361742925115,662.132337660292,1034,1.11220817263976,10976.6462716141,13578.1884862134
"19","CO-BLM-GR10-12",31415.927,9.71565736489348,5,0,3,1,9.42477796076938,3154367.81737399,0,1,0,0,1,1,0,0.000687359978594053,0.556831609154769,1.66666666666667,0,1,32385.5250280707,0.0548409822066694,0,0.0548409822066694,1776.05400181807,1034,1.11352597451731,29083.7625427725,36062.1233171371
"20","CO-BLM-GR10-15",31415.927,5.90957283186359,3,0,3,1,9.42477796076938,1486612.00230659,0,1,0,0,1,1,0,0.000687359978594053,0.556831609154769,1,0,1,19698.5763972156,0.0618961984495651,0,0.0618961984495651,1219.26699385598,1034,1.12900916308443,17447.6674249477,22239.8732521751
"21","CO-BLM-GR10-16",31415.927,4.15012044504448,2,0,3,1,9.42477796076938,744803.802910445,0,1,0,0,1,1,0,0.000687359978594053,0.556831609154769,0.666666666666667,0,1,13833.7350211783,0.062385188262914,0,0.062385188262914,863.020163675476,1034,1.13008986666681,12241.2698575741,15633.3637655874
"22","CO-BLM-GR10-2",31415.927,12.5464903145025,7,0,4,1,12.5663706143592,2195817.36251146,0,1,0,0,1,1,0,0.000687359978594053,0.556831609154769,1.75,0,1,31366.2262496242,0.047242822519413,0,0.047242822519413,1481.82905981475,1034,1.09707887581947,28590.6756031512,34411.2242326368
"23","CO-BLM-GR10-3",31415.927,20.6070123455266,10,0,4,1,12.5663706143592,9461276.30265382,0,1,0,0,1,1,0,0.000687359978594053,0.556831609154769,2.5,0,1,51517.531624876,0.0597062529342145,0,0.0597062529342145,3075.91877374124,1034,1.12418129499075,45826.7112737364,57915.0454167799
"24","CO-BLM-GR10-4",31415.927,21.2868960959752,12,0,4,1,12.5663706143592,6063667.39046936,0,1,0,0,1,1,0,0.000687359978594053,0.556831609154769,3,0,1,53217.2410261071,0.046271686630979,0,0.046271686630979,2462.4515001253,1034,1.09499366371045,48600.501345165,58272.5417237393
"25","CO-BLM-GR10-7",31415.927,10.0596932769081,5,0,4,1,12.5663706143592,2128574.19631646,0,1,0,0,1,1,0,0.000687359978594053,0.556831609154769,1.25,0,1,25149.2335637955,0.0580122409761065,0,0.0580122409761065,1458.96339786729,1034,1.12046026322918,22445.4488830466,28178.7168589023
"26","CO-BLM-GR10-8",31415.927,10.0596932769081,5,0,4,1,12.5663706143592,2128574.19631646,0,1,0,0,1,1,0,0.000687359978594053,0.556831609154769,1.25,0,1,25149.2335637955,0.0580122409761065,0,0.0580122409761065,1458.96339786729,1034,1.12046026322918,22445.4488830466,28178.7168589023
"27","CO-BLM-GR11-1",31415.927,9.22803157318307,5,0,4,1,12.5663706143592,1279323.72547135,0,1,0,0,1,1,0,0.000687359978594053,0.556831609154769,1.25,0,1,23070.079273768,0.0490276571245549,0,0.0490276571245549,1131.0719364706,1034,1.10092123658224,20955.2495738822,25398.340202127
"28","CO-BLM-GR11-10",31415.927,19.1441349703953,10,0,4,1,12.5663706143592,7901832.62433802,0,1,0,0,1,1,0,0.000687359978594053,0.556831609154769,2.5,0,1,47860.3381330208,0.0587338068325617,0,0.0587338068325617,2811.01985484593,1034,1.12204379946955,42654.6077395972,53701.3956426719
"29","CO-BLM-GR11-11",31415.927,5.90957283186359,3,0,4,1,12.5663706143592,836219.2566964,0,1,0,0,1,1,0,0.000687359978594053,0.556831609154769,0.75,0,1,14773.9322979117,0.0618961986493774,0,0.0618961986493774,914.450248343998,1034,1.12900916352583,13085.7505635947,16679.9049456526
"30","CO-BLM-GR11-12",31415.927,8.74040578147265,5,0,4,1,12.5663706143592,1211480.24356492,0,1,0,0,1,1,0,0.000687359978594053,0.556831609154769,1.25,0,1,21851.0147764829,0.0503716941108253,0,0.0503716941108253,1100.67263233212,1034,1.10382320330224,19795.7559789579,24119.657125982
"31","CO-BLM-GR11-13",31415.927,2.24707817852953,1,0,4,1,12.5663706143592,190202.046896816,0,1,0,0,1,1,0,0.000687359978594053,0.556831609154769,0.25,0,1,5617.69552931308,0.0776335410457945,0,0.0776335410457945,436.121596457704,1034,1.16428652554534,4825.01120304714,6540.6072093955
"32","CO-BLM-GR11-14",31415.927,4.733875216124,3,0,3,1,9.42477796076938,640835.750302736,0,1,0,0,1,1,0,0.000687359978594053,0.556831609154769,1,0,1,15779.5842868557,0.0507315122484117,0,0.0507315122484117,800.522173523467,1034,1.10460134932538,14285.3204882403,17430.1500950544
"33","CO-BLM-GR11-15",31415.927,10.3955411153421,7,0,3,1,9.42477796076938,2851025.13166696,0,1,0,0,1,1,0,0.000687359978594053,0.556831609154769,2.33333333333333,0,1,34651.8042297122,0.0487275606464464,0,0.0487275606464464,1688.49789211209,1034,1.10027428901558,31493.7871180424,38126.4892619536
"34","CO-BLM-GR11-16",31415.927,10.3955411153421,7,0,4,1,12.5663706143592,1603701.65725658,0,1,0,0,1,1,0,0.000687359978594053,0.556831609154769,1.75,0,1,25988.8531722841,0.0487275609608328,0,0.0487275609608328,1266.37342725461,1034,1.10027428969314,23620.3403239861,28594.8669640743
"35","CO-BLM-GR11-2",31415.927,14.8896974724012,9,0,4,1,12.5663706143592,2674573.72802074,0,1,0,0,1,1,0,0.000687359978594053,0.556831609154769,2.25,0,1,37224.2442309103,0.043934066005378,0,0.043934066005378,1635.41240304112,1034,1.08999002224938,34150.9953954364,40574.0547974664
"36","CO-BLM-GR11-3",31415.927,5.66166589921811,4,0,4,1,12.5663706143592,598503.523778324,0,1,0,0,1,1,0,0.000687359978594053,0.556831609154769,1,0,1,14154.1649571423,0.0546574168995841,0,0.0546574168995841,773.630094928011,1034,1.1131258502731,12715.6915398827,15755.3669028247
"37","CO-BLM-GR11-4",31415.927,12.4029004348067,7,0,4,1,12.5663706143592,2538349.61786434,0,1,0,0,1,1,0,0.000687359978594053,0.556831609154769,1.75,0,1,31007.2515450815,0.0513821706407952,0,0.0513821706407952,1593.21988999144,1034,1.10600980814278,28035.241022997,34294.3243324106
"38","CO-BLM-GR11-5",31415.927,3.66249465333406,2,0,4,1,12.5663706143592,246610.824681551,0,1,0,0,1,1,0,0.000687359978594053,0.556831609154769,0.5,0,1,9156.23676859866,0.0542361749916395,0,0.0542361749916395,496.5992596466,1034,1.11220817416221,8232.48469244146,10183.6413786
"39","CO-BLM-GR11-6",31415.927,10.6434480479876,6,0,4,1,12.5663706143592,1515916.84761734,0,1,0,0,1,1,0,0.000687359978594053,0.556831609154769,1.5,0,1,26608.6205130535,0.046271686630979,0,0.046271686630979,1231.22575006265,1034,1.09499366371045,24300.2506725825,29136.2708618696
"40","CO-BLM-GR11-7",31415.927,2.83083294960905,2,0,4,1,12.5663706143592,149625.880944581,0,1,0,0,1,1,0,0.000687359978594053,0.556831609154769,0.5,0,1,7077.08247857115,0.0546574168995841,0,0.0546574168995841,386.815047464006,1034,1.1131258502731,6357.84576994133,7877.68345141235
"41","CO-BLM-GR11-8",31415.927,22.2146867790693,13,0,4,1,12.5663706143592,6489573.77884622,0,1,0,0,1,1,0,0.000687359978594053,0.556831609154769,3.25,0,1,55536.7177681076,0.0458699089243264,0,0.0458699089243264,2547.46418597911,1034,1.09413208948832,50758.695683699,60764.5050549429
"42","CO-BLM-GR11-9",31415.927,7.81261509837854,4,0,4,1,12.5663706143592,1117543.57067138,0,1,0,0,1,1,0,0.000687359978594053,0.556831609154769,1,0,1,19531.5380344824,0.0541247356837173,0,0.0541247356837173,1057.13933361283,1034,1.11196552478788,17564.8773267573,21718.3969404276
"43","CO-BLM-GR13-1",31415.927,6.14929169092853,4,0,3,1,9.42477796076938,993881.934686693,0,1,0,0,1,1,0,0.000687359978594053,0.556831609154769,1.33333333333333,0,1,20497.6392725698,0.0486366386332776,0,0.0486366386332776,996.936274135259,1034,1.10007835172132,18632.8903214,22549.0092251469
"44","CO-BLM-GR13-10",31415.927,3.31845874131947,2,0,2,1,6.28318530717959,946778.338406114,0,1,0,0,1,1,0,0.000687359978594053,0.556831609154769,1,0,1,16592.2939517125,0.0586432084831577,0,0.0586432084831577,973.02535342411,1034,1.12184485655279,14790.1858753422,18613.9796281406
"45","CO-BLM-GR13-11",31415.927,1.90304226651495,1,0,3,1,9.42477796076938,333745.73262414,0,1,0,0,1,1,0,0.000687359978594053,0.556831609154769,0.333333333333333,0,1,6343.47431542754,0.0910711194415145,0,0.0910711194415145,577.707307054481,1034,1.19522733820354,5307.33703343997,7581.893920991
"46","CO-BLM-GR13-12",31415.927,0,0,0,2,1,6.28318530717959,0,0,NA,0,0,1,1,0,0.000687359978594053,0.556831609154769,0,NA,1,0,NA,0,0,0,1,1,0,0
"47","CO-BLM-GR13-13",31415.927,0,0,0,3,1,9.42477796076938,0,0,NA,0,0,1,1,0,0.000687359978594053,0.556831609154769,0,NA,1,0,NA,0,0,0,1,1,0,0
"48","CO-BLM-GR13-14",31415.927,5.22150100783442,3,0,3,1,9.42477796076938,1442571.91652172,0,1,0,0,1,1,0,0.000687359978594053,0.556831609154769,1,0,1,17405.0036165692,0.0690072337973902,0,0.0690072337973902,1201.07115381301,1034,1.14482227305543,15203.236367962,19925.6358028587
"49","CO-BLM-GR13-15",31415.927,5.70912679954484,3,0,2,1,6.28318530717959,6758351.22610597,0,1,0,0,1,1,0,0.000687359978594053,0.556831609154769,1.5,0,1,28545.6344194239,0.0910711203879361,0,0.0910711203879361,2599.68290876137,1034,1.19522734040953,23883.0166063999,34118.5227074307
"50","CO-BLM-GR13-16",31415.927,9.467750432248,6,0,2,1,6.28318530717959,5767521.51389603,0,1,0,0,1,1,0,0.000687359978594053,0.556831609154769,3,0,1,47338.7528605672,0.0507315111980355,0,0.0507315111980355,2401.5664708469,1034,1.10460134705306,42855.9615528818,52290.4501775943
"51","CO-BLM-GR13-2",31415.927,3.31845874131947,2,0,3,1,9.42477796076938,420790.348866766,0,1,0,0,1,1,0,0.000687359978594053,0.556831609154769,0.666666666666667,0,1,11061.5293011416,0.0586432068276356,0,0.0586432068276356,648.683550636801,1034,1.12184485291778,9860.12394884373,12409.3197118849
"52","CO-BLM-GR13-3",31415.927,8.05233395744347,5,0,3,1,9.42477796076938,2056751.93428734,0,1,0,0,1,1,0,0.000687359978594053,0.556831609154769,1.66666666666667,0,1,26841.1135879974,0.0534306462753535,0,0.0534306462753535,1434.13804575687,1034,1.11045534784623,24171.2677957351,29805.8581259398
"53","CO-BLM-GR13-4",31415.927,7.07708237402263,5,0,3,1,9.42477796076938,1662509.77291762,0,1,0,0,1,1,0,0.000687359978594053,0.556831609154769,1.66666666666667,0,1,23590.2749285705,0.054657416647167,0,0.054657416647167,1289.3834855921,1034,1.11312584972299,21192.8192436112,26258.944825064
"54","CO-BLM-GR13-5",31415.927,5.22150100783442,3,0,3,1,9.42477796076938,1442571.91652172,0,1,0,0,1,1,0,0.000687359978594053,0.556831609154769,1,0,1,17405.0036165692,0.0690072337973902,0,0.0690072337973902,1201.07115381301,1034,1.14482227305543,15203.236367962,19925.6358028587
"55","CO-BLM-GR13-6",31415.927,5.66166589921811,4,0,3,1,9.42477796076938,1064006.24646606,0,1,0,0,1,1,0,0.000687359978594053,0.556831609154769,1.33333333333333,0,1,18872.2199428564,0.0546574164365209,0,0.0546574164365209,1031.50678449832,1034,1.11312584926391,16954.2554018813,21007.1558513874
"56","CO-BLM-GR13-7",31415.927,2.83083294960905,2,0,2,1,6.28318530717959,598503.523778324,0,1,0,0,1,1,0,0.000687359978594053,0.556831609154769,1,0,1,14154.1649571423,0.0546574168995841,0,0.0546574168995841,773.630094928011,1034,1.1131258502731,12715.6915398827,15755.3669028247
"57","CO-BLM-GR13-8",31415.927,8.05233395744347,5,0,3,1,9.42477796076938,2056751.93428734,0,1,0,0,1,1,0,0.000687359978594053,0.556831609154769,1.66666666666667,0,1,26841.1135879974,0.0534306462753535,0,0.0534306462753535,1434.13804575687,1034,1.11045534784623,24171.2677957351,29805.8581259398
"58","CO-BLM-GR13-9",31415.927,1.90304226651495,1,0,2,1,6.28318530717959,750927.951670506,0,1,0,0,1,1,0,0.000687359978594053,0.556831609154769,0.5,0,1,9515.21147314131,0.091071122671526,0,0.091071122671526,866.560991315964,1034,1.19522734573227,7961.00550001363,11372.8409531239
"59","CO-BLM-GR15-1",31415.927,6.98095339465353,4,0,4,1,12.5663706143592,629694.876054463,0,1,0,0,1,1,0,0.000687359978594053,0.556831609154769,1,0,1,17452.3837444549,0.0454684684706239,0,0.0454684684706239,793.533160021976,1034,1.09327189182547,15963.4431973862,19080.2005931643
"60","CO-BLM-GR15-10",31415.927,4.49415635705907,2,0,4,1,12.5663706143592,760808.187587264,0,1,0,0,1,1,0,0.000687359978594053,0.556831609154769,0.5,0,1,11235.3910586262,0.0776335410457945,0,0.0776335410457945,872.243192915407,1034,1.16428652554534,9650.02240609428,13081.214418791
"61","CO-BLM-GR15-11",31415.927,5.56553691984901,3,0,4,1,12.5663706143592,486917.046781477,0,1,0,0,1,1,0,0.000687359978594053,0.556831609154769,0.75,0,1,13913.8425051693,0.0501510934584471,0,0.0501510934584471,697.794415842859,1034,1.10334639094887,12610.5841459304,15351.7879123096
"62","CO-BLM-GR15-12",31415.927,9.81178634426259,6,0,4,1,12.5663706143592,1139689.38464533,0,1,0,0,1,1,0,0.000687359978594053,0.556831609154769,1.5,0,1,24529.466223026,0.0435216301333268,0,0.0435216301333268,1067.56235632647,1034,1.08910950466908,22522.4976165084,26715.2748079568
"63","CO-BLM-GR15-13",31415.927,6.7412345355886,3,0,3,1,9.42477796076938,3043232.72607426,0,1,0,0,1,1,0,0.000687359978594053,0.556831609154769,1,0,1,22470.7821172523,0.0776335407361668,0,0.0776335407361668,1744.48637887324,1034,1.16428652484113,19300.0448238619,26162.428821758
"64","CO-BLM-GR15-14",31415.927,9.81178634426259,6,0,4,1,12.5663706143592,1139689.38464533,0,1,0,0,1,1,0,0.000687359978594053,0.556831609154769,1.5,0,1,24529.466223026,0.0435216301333268,0,0.0435216301333268,1067.56235632647,1034,1.08910950466908,22522.4976165084,26715.2748079568
"65","CO-BLM-GR15-15",31415.927,5.07791112813859,3,0,4,1,12.5663706143592,377832.533735301,0,1,0,0,1,1,0,0.000687359978594053,0.556831609154769,0.75,0,1,12694.7780078842,0.0484199754054911,0,0.0484199754054911,614.680838919924,1034,1.09961157702959,11544.7838792103,13959.3248652902
"66","CO-BLM-GR15-16",31415.927,13.2345621385317,7,0,4,1,12.5663706143592,3607918.56563086,0,1,0,0,1,1,0,0.000687359978594053,0.556831609154769,1.75,0,1,33086.405835109,0.0574088398903985,0,0.0574088398903985,1899.45217513652,1034,1.11913768938726,29564.1958526339,37028.243776433
"67","CO-BLM-GR15-4",31415.927,1.90304226651495,1,0,3,1,9.42477796076938,333745.73262414,0,1,0,0,1,1,0,0.000687359978594053,0.556831609154769,0.333333333333333,0,1,6343.47431542754,0.0910711194415145,0,0.0910711194415145,577.707307054481,1034,1.19522733820354,5307.33703343997,7581.893920991
"68","CO-BLM-GR15-5",31415.927,3.66249465333406,2,0,4,1,12.5663706143592,246610.824681551,0,1,0,0,1,1,0,0.000687359978594053,0.556831609154769,0.5,0,1,9156.23676859866,0.0542361749916395,0,0.0542361749916395,496.5992596466,1034,1.11220817416221,8232.48469244146,10183.6413786
"69","CO-BLM-GR15-8",31415.927,0,0,0,3,1,9.42477796076938,0,0,NA,0,0,1,1,0,0.000687359978594053,0.556831609154769,0,NA,1,0,NA,0,0,0,1,1,0,0
"70","CO-BLM-GR15-9",31415.927,0,0,0,3,1,9.42477796076938,0,0,NA,0,0,1,1,0,0.000687359978594053,0.556831609154769,0,NA,1,0,NA,0,0,0,1,1,0,0
"71","CO-BLM-GR16-1",31415.927,9.57206748519765,5,0,4,1,12.5663706143592,1975458.1560845,0,1,0,0,1,1,0,0.000687359978594053,0.556831609154769,1.25,0,1,23930.1690665104,0.0587338068325617,0,0.0587338068325617,1405.50992742296,1034,1.12204379946955,21327.3038697986,26850.6978213359
"72","CO-BLM-GR16-10",31415.927,4.49415635705907,2,0,4,1,12.5663706143592,760808.187587264,0,1,0,0,1,1,0,0.000687359978594053,0.556831609154769,0.5,0,1,11235.3910586262,0.0776335410457945,0,0.0776335410457945,872.243192915407,1034,1.16428652554534,9650.02240609428,13081.214418791
"73","CO-BLM-GR16-11",31415.927,16.8009278124967,8,0,4,1,12.5663706143592,7444091.31773713,0,1,0,0,1,1,0,0.000687359978594053,0.556831609154769,2,0,1,42002.3201517347,0.0649579880681175,0,0.0649579880681175,2728.38621124963,1034,1.13579218259315,36980.6385318115,47705.9068791152
"74","CO-BLM-GR16-12",31415.927,14.2098137219525,7,0,4,1,12.5663706143592,4258833.30893206,0,1,0,0,1,1,0,0.000687359978594053,0.556831609154769,1.75,0,1,35524.5348296792,0.0580920792562319,0,0.0580920792562319,2063.69409286649,1034,1.12063536984926,31700.3512341912,39810.0502275804
"75","CO-BLM-GR16-13",31415.927,10.4037291889227,5,0,4,1,12.5663706143592,3156648.44613226,0,1,0,0,1,1,0,0.000687359978594053,0.556831609154769,1.25,0,1,26009.3233565379,0.0683099637325497,0,0.0683099637325497,1776.69593519326,1034,1.14326247577685,22750.0892468849,29735.4834138761
"76","CO-BLM-GR16-14",31415.927,14.0662238422567,7,0,4,1,12.5663706143592,5094699.96382812,0,1,0,0,1,1,0,0.000687359978594053,0.556831609154769,1.75,0,1,35165.5601251366,0.0641862150733943,0,0.0641862150733943,2257.14420536839,1034,1.13407876876196,31008.0402647215,39880.5151295394
"77","CO-BLM-GR16-15",31415.927,22.7105006443603,11,0,4,1,12.5663706143592,13165583.335323,0,1,0,0,1,1,0,0.000687359978594053,0.556831609154769,2.75,0,1,56776.2524496464,0.0639077209112565,0,0.0639077209112565,3628.44089593905,1034,1.13346108734141,50091.0468685063,64353.6728367464
"78","CO-BLM-GR16-16",31415.927,8.98831271411813,4,0,4,1,12.5663706143592,3043232.75034906,0,1,0,0,1,1,0,0.000687359978594053,0.556831609154769,1,0,1,22470.7821172523,0.0776335410457945,0,0.0776335410457945,1744.48638583081,1034,1.16428652554534,19300.0448121886,26162.428837582
"79","CO-BLM-GR16-2",31415.927,8.15665101039313,4,0,4,1,12.5663706143592,1806231.812476,0,1,0,0,1,1,0,0.000687359978594053,0.556831609154769,1,0,1,20391.6278272248,0.0659075013818744,0,0.0659075013818744,1343.96123920149,1034,1.13790357327358,17920.3478275062,23203.7061694641
"80","CO-BLM-GR16-3",31415.927,11.6186996314084,6,0,3,1,9.42477796076938,4989482.97151258,0,1,0,0,1,1,0,0.000687359978594053,0.556831609154769,2,0,1,38728.9993434983,0.0576755170122101,0,0.0576755170122101,2233.71506050181,1034,1.11972202555459,34588.0481580381,43365.7135926044
"81","CO-BLM-GR16-4",31415.927,10.299412135973,6,0,3,1,9.42477796076938,2642076.55904041,0,1,0,0,1,1,0,0.000687359978594053,0.556831609154769,2,0,1,34331.3742937482,0.0473458055678483,0,0.0473458055678483,1625.44657218883,1034,1.09730022425398,31287.1295702952,37671.824711477
"82","CO-BLM-GR16-5",31415.927,22.7105006443603,11,0,4,1,12.5663706143592,13165583.335323,0,1,0,0,1,1,0,0.000687359978594053,0.556831609154769,2.75,0,1,56776.2524496464,0.0639077209112565,0,0.0639077209112565,3628.44089593905,1034,1.13346108734141,50091.0468685063,64353.6728367464
"83","CO-BLM-GR16-6",31415.927,18.7039700790116,9,0,4,1,12.5663706143592,8264950.68327836,0,1,0,0,1,1,0,0.000687359978594053,0.556831609154769,2.25,0,1,46759.9258883054,0.0614817639361097,0,0.0614817639361097,2874.88272513478,1034,1.12809400316233,41450.3806927664,52749.5919829122
"84","CO-BLM-GR16-7",31415.927,8.98831271411813,4,0,4,1,12.5663706143592,3043232.75034906,0,1,0,0,1,1,0,0.000687359978594053,0.556831609154769,1,0,1,22470.7821172523,0.0776335410457945,0,0.0776335410457945,1744.48638583081,1034,1.16428652554534,19300.0448121886,26162.428837582
"85","CO-BLM-GR16-8",31415.927,2.83083294960905,2,0,3,1,9.42477796076938,266001.561616514,0,1,0,0,1,1,0,0.000687359978594053,0.556831609154769,0.666666666666667,0,1,9436.1099714282,0.0546574164365209,0,0.0546574164365209,515.753392249158,1034,1.11312584926391,8477.12770094065,10503.5779256937
"86","CO-BLM-GR16-9",31415.927,2.24707817852953,1,0,4,1,12.5663706143592,190202.046896816,0,1,0,0,1,1,0,0.000687359978594053,0.556831609154769,0.25,0,1,5617.69552931308,0.0776335410457945,0,0.0776335410457945,436.121596457704,1034,1.16428652554534,4825.01120304714,6540.6072093955
"87","CO-BLM-GR5-1",31415.927,1.90304226651495,1,0,2,1,6.28318530717959,750927.951670506,0,1,0,0,1,1,0,0.000687359978594053,0.556831609154769,0.5,0,1,9515.21147314131,0.091071122671526,0,0.091071122671526,866.560991315964,1034,1.19522734573227,7961.00550001363,11372.8409531239
"88","CO-BLM-GR5-12",31415.927,1.41541647480453,1,0,2,1,6.28318530717959,149625.880944581,0,1,0,0,1,1,0,0.000687359978594053,0.556831609154769,0.5,0,1,7077.08247857115,0.0546574168995841,0,0.0546574168995841,386.815047464006,1034,1.1131258502731,6357.84576994133,7877.68345141235
"89","CO-BLM-GR5-15",31415.927,1.90304226651495,1,0,2,1,6.28318530717959,750927.951670506,0,1,0,0,1,1,0,0.000687359978594053,0.556831609154769,0.5,0,1,9515.21147314131,0.091071122671526,0,0.091071122671526,866.560991315964,1034,1.19522734573227,7961.00550001363,11372.8409531239
"90","CO-BLM-GR6-10",31415.927,0,0,0,3,1,9.42477796076938,0,0,NA,0,0,1,1,0,0.000687359978594053,0.556831609154769,0,NA,1,0,NA,0,0,0,1,1,0,0
"91","CO-BLM-GR6-11",31415.927,3.31845874131947,2,0,3,1,9.42477796076938,420790.348866766,0,1,0,0,1,1,0,0.000687359978594053,0.556831609154769,0.666666666666667,0,1,11061.5293011416,0.0586432068276356,0,0.0586432068276356,648.683550636801,1034,1.12184485291778,9860.12394884373,12409.3197118849
"92","CO-BLM-GR6-12",31415.927,5.22150100783442,3,0,3,1,9.42477796076938,1442571.91652172,0,1,0,0,1,1,0,0.000687359978594053,0.556831609154769,1,0,1,17405.0036165692,0.0690072337973902,0,0.0690072337973902,1201.07115381301,1034,1.14482227305543,15203.236367962,19925.6358028587
"93","CO-BLM-GR6-13",31415.927,0,0,0,3,1,9.42477796076938,0,0,NA,0,0,1,1,0,0.000687359978594053,0.556831609154769,0,NA,1,0,NA,0,0,0,1,1,0,0
"94","CO-BLM-GR6-14",31415.927,3.31845874131947,2,0,3,1,9.42477796076938,420790.348866766,0,1,0,0,1,1,0,0.000687359978594053,0.556831609154769,0.666666666666667,0,1,11061.5293011416,0.0586432068276356,0,0.0586432068276356,648.683550636801,1034,1.12184485291778,9860.12394884373,12409.3197118849
"95","CO-BLM-GR6-15",31415.927,7.07708237402263,5,0,3,1,9.42477796076938,1662509.77291762,0,1,0,0,1,1,0,0.000687359978594053,0.556831609154769,1.66666666666667,0,1,23590.2749285705,0.054657416647167,0,0.054657416647167,1289.3834855921,1034,1.11312584972299,21192.8192436112,26258.944825064
"96","CO-BLM-GR6-16",31415.927,0,0,0,3,1,9.42477796076938,0,0,NA,0,0,1,1,0,0.000687359978594053,0.556831609154769,0,NA,1,0,NA,0,0,0,1,1,0,0
"97","CO-BLM-GR6-2",31415.927,3.31845874131947,2,0,3,1,9.42477796076938,420790.348866766,0,1,0,0,1,1,0,0.000687359978594053,0.556831609154769,0.666666666666667,0,1,11061.5293011416,0.0586432068276356,0,0.0586432068276356,648.683550636801,1034,1.12184485291778,9860.12394884373,12409.3197118849
"98","CO-BLM-GR6-5",31415.927,8.05233395744347,5,0,3,1,9.42477796076938,2056751.93428734,0,1,0,0,1,1,0,0.000687359978594053,0.556831609154769,1.66666666666667,0,1,26841.1135879974,0.0534306462753535,0,0.0534306462753535,1434.13804575687,1034,1.11045534784623,24171.2677957351,29805.8581259398
"99","CO-BLM-GR6-6",31415.927,1.41541647480453,1,0,3,1,9.42477796076938,66500.3904041285,0,1,0,0,1,1,0,0.000687359978594053,0.556831609154769,0.333333333333333,0,1,4718.0549857141,0.0546574164365209,0,0.0546574164365209,257.876696124579,1034,1.11312584926391,4238.56385047033,5251.78896284685
"100","CO-BLM-GR6-7",31415.927,1.90304226651495,1,0,2,1,6.28318530717959,750927.951670506,0,1,0,0,1,1,0,0.000687359978594053,0.556831609154769,0.5,0,1,9515.21147314131,0.091071122671526,0,0.091071122671526,866.560991315964,1034,1.19522734573227,7961.00550001363,11372.8409531239
"101","CO-BLM-GR6-8",31415.927,2.83083294960905,2,0,3,1,9.42477796076938,266001.561616514,0,1,0,0,1,1,0,0.000687359978594053,0.556831609154769,0.666666666666667,0,1,9436.1099714282,0.0546574164365209,0,0.0546574164365209,515.753392249158,1034,1.11312584926391,8477.12770094065,10503.5779256937
"102","CO-BLM-GR6-9",31415.927,8.05233395744347,5,0,3,1,9.42477796076938,2056751.93428734,0,1,0,0,1,1,0,0.000687359978594053,0.556831609154769,1.66666666666667,0,1,26841.1135879974,0.0534306462753535,0,0.0534306462753535,1434.13804575687,1034,1.11045534784623,24171.2677957351,29805.8581259398
"103","CO-BLM-GR7-10",31415.927,18.7039700790116,9,0,4,1,12.5663706143592,8264950.68327836,0,1,0,0,1,1,0,0.000687359978594053,0.556831609154769,2.25,0,1,46759.9258883054,0.0614817639361097,0,0.0614817639361097,2874.88272513478,1034,1.12809400316233,41450.3806927664,52749.5919829122
"104","CO-BLM-GR7-11",31415.927,3.66249465333406,2,0,4,1,12.5663706143592,246610.824681551,0,1,0,0,1,1,0,0.000687359978594053,0.556831609154769,0.5,0,1,9156.23676859866,0.0542361749916395,0,0.0542361749916395,496.5992596466,1034,1.11220817416221,8232.48469244146,10183.6413786
"105","CO-BLM-GR7-12",31415.927,3.66249465333406,2,0,4,1,12.5663706143592,246610.824681551,0,1,0,0,1,1,0,0.000687359978594053,0.556831609154769,0.5,0,1,9156.23676859866,0.0542361749916395,0,0.0542361749916395,496.5992596466,1034,1.11220817416221,8232.48469244146,10183.6413786
"106","CO-BLM-GR7-13",31415.927,5.07791112813859,3,0,4,1,12.5663706143592,377832.533735301,0,1,0,0,1,1,0,0.000687359978594053,0.556831609154769,0.75,0,1,12694.7780078842,0.0484199754054911,0,0.0484199754054911,614.680838919924,1034,1.09961157702959,11544.7838792103,13959.3248652902
"107","CO-BLM-GR7-14",31415.927,4.733875216124,3,0,3,1,9.42477796076938,640835.750302736,0,1,0,0,1,1,0,0.000687359978594053,0.556831609154769,1,0,1,15779.5842868557,0.0507315122484117,0,0.0507315122484117,800.522173523467,1034,1.10460134932538,14285.3204882403,17430.1500950544
"108","CO-BLM-GR7-15",31415.927,7.81261509837854,4,0,4,1,12.5663706143592,1117543.57067138,0,1,0,0,1,1,0,0.000687359978594053,0.556831609154769,1,0,1,19531.5380344824,0.0541247356837173,0,0.0541247356837173,1057.13933361283,1034,1.11196552478788,17564.8773267573,21718.3969404276
"109","CO-BLM-GR7-16",31415.927,13.2345621385317,7,0,4,1,12.5663706143592,3607918.56563086,0,1,0,0,1,1,0,0.000687359978594053,0.556831609154769,1.75,0,1,33086.405835109,0.0574088398903985,0,0.0574088398903985,1899.45217513652,1034,1.11913768938726,29564.1958526339,37028.243776433
"110","CO-BLM-GR7-2",31415.927,20.9510482575411,10,0,4,1,12.5663706143592,10838616.9084364,0,1,0,0,1,1,0,0.000687359978594053,0.556831609154769,2.5,0,1,52377.6214176184,0.0628551925183513,0,0.0628551925183513,3292.20547785773,1034,1.13112953927366,46305.5906499022,59245.8747823608
"111","CO-BLM-GR7-3",31415.927,4.49415635705907,2,0,3,1,9.42477796076938,1352547.88247428,0,1,0,0,1,1,0,0.000687359978594053,0.556831609154769,0.666666666666667,0,1,14980.5214115015,0.0776335408572495,0,0.0776335408572495,1162.99092106271,1034,1.16428652511652,12866.696546198,17441.6192186307
"112","CO-BLM-GR7-4",31415.927,14.0662238422567,7,0,4,1,12.5663706143592,5094699.96382812,0,1,0,0,1,1,0,0.000687359978594053,0.556831609154769,1.75,0,1,35165.5601251366,0.0641862150733943,0,0.0641862150733943,2257.14420536839,1034,1.13407876876196,31008.0402647215,39880.5151295394
"113","CO-BLM-GR7-5",31415.927,7.32498930666812,4,0,4,1,12.5663706143592,986443.298726205,0,1,0,0,1,1,0,0.000687359978594053,0.556831609154769,1,0,1,18312.4735371973,0.0542361749916395,0,0.0542361749916395,993.1985192932,1034,1.11220817416221,16464.9693848829,20367.2827572
"114","CO-BLM-GR7-6",31415.927,8.74040578147265,5,0,3,1,9.42477796076938,2153742.60011277,0,1,0,0,1,1,0,0.000687359978594053,0.556831609154769,1.66666666666667,0,1,29134.6863686438,0.0503716934663256,0,0.0503716934663256,1467.56349099886,1034,1.10382320190892,26394.3413385941,32159.5427940486
"115","CO-BLM-GR7-7",31415.927,1.41541647480453,1,0,3,1,9.42477796076938,66500.3904041285,0,1,0,0,1,1,0,0.000687359978594053,0.556831609154769,0.333333333333333,0,1,4718.0549857141,0.0546574164365209,0,0.0546574164365209,257.876696124579,1034,1.11312584926391,4238.56385047033,5251.78896284685
"116","CO-BLM-GR7-8",31415.927,3.31845874131947,2,0,3,1,9.42477796076938,420790.348866766,0,1,0,0,1,1,0,0.000687359978594053,0.556831609154769,0.666666666666667,0,1,11061.5293011416,0.0586432068276356,0,0.0586432068276356,648.683550636801,1034,1.12184485291778,9860.12394884373,12409.3197118849
"117","CO-BLM-GR7-9",31415.927,6.98095339465353,4,0,4,1,12.5663706143592,629694.876054463,0,1,0,0,1,1,0,0.000687359978594053,0.556831609154769,1,0,1,17452.3837444549,0.0454684684706239,0,0.0454684684706239,793.533160021976,1034,1.09327189182547,15963.4431973862,19080.2005931643
"118","CO-BLM-GR8-1",31415.927,6.39719862357401,3,0,4,1,12.5663706143592,1030576.37914914,0,1,0,0,1,1,0,0.000687359978594053,0.556831609154769,0.75,0,1,15992.9967951968,0.0634761009096861,0,0.0634761009096861,1015.1730784202,1034,1.13250441534713,14121.7964172747,18112.1394851929
"119","CO-BLM-GR8-10",31415.927,6.14929169092853,4,0,3,1,9.42477796076938,993881.934686693,0,1,0,0,1,1,0,0.000687359978594053,0.556831609154769,1.33333333333333,0,1,20497.6392725698,0.0486366386332776,0,0.0486366386332776,996.936274135259,1034,1.10007835172132,18632.8903214,22549.0092251469
"120","CO-BLM-GR8-11",31415.927,0,0,0,3,1,9.42477796076938,0,0,NA,0,0,1,1,0,0.000687359978594053,0.556831609154769,0,NA,1,0,NA,0,0,0,1,1,0,0
"121","CO-BLM-GR8-12",31415.927,5.66166589921811,4,0,3,1,9.42477796076938,1064006.24646606,0,1,0,0,1,1,0,0.000687359978594053,0.556831609154769,1.33333333333333,0,1,18872.2199428564,0.0546574164365209,0,0.0546574164365209,1031.50678449832,1034,1.11312584926391,16954.2554018813,21007.1558513874
"122","CO-BLM-GR8-13",31415.927,3.66249465333406,2,0,3,1,9.42477796076938,438419.232575483,0,1,0,0,1,1,0,0.000687359978594053,0.556831609154769,0.666666666666667,0,1,12208.3156914649,0.0542361742925115,0,0.0542361742925115,662.132337660292,1034,1.11220817263976,10976.6462716141,13578.1884862134
"123","CO-BLM-GR8-14",31415.927,1.90304226651495,1,0,4,1,12.5663706143592,187731.987917627,0,1,0,0,1,1,0,0.000687359978594053,0.556831609154769,0.25,0,1,4757.60573657065,0.091071122671526,0,0.091071122671526,433.280495657982,1034,1.19522734573227,3980.50275000681,5686.42047656197
"124","CO-BLM-GR8-15",31415.927,9.22803157318307,5,0,4,1,12.5663706143592,1279323.72547135,0,1,0,0,1,1,0,0.000687359978594053,0.556831609154769,1.25,0,1,23070.079273768,0.0490276571245549,0,0.0490276571245549,1131.0719364706,1034,1.10092123658224,20955.2495738822,25398.340202127
"125","CO-BLM-GR8-16",31415.927,3.31845874131947,2,0,4,1,12.5663706143592,236694.584601528,0,1,0,0,1,1,0,0.000687359978594053,0.556831609154769,0.5,0,1,8296.14697585623,0.0586432084831577,0,0.0586432084831577,486.512676712055,1034,1.12184485655279,7395.09293767112,9306.98981407031
"126","CO-BLM-GR8-2",31415.927,7.46857918636395,4,0,4,1,12.5663706143592,1102687.17584763,0,1,0,0,1,1,0,0.000687359978594053,0.556831609154769,1,0,1,18671.44824174,0.0562403683944462,0,0.0562403683944462,1050.08912757329,1034,1.11658080087178,16721.985750751,20848.1806311979
"127","CO-BLM-GR8-3",31415.927,10.9874839600022,6,0,4,1,12.5663706143592,2219497.40197875,0,1,0,0,1,1,0,0.000687359978594053,0.556831609154769,1.5,0,1,27468.710305796,0.0542361747453806,0,0.0542361747453806,1489.79777217539,1034,1.11220817362594,24697.4540892326,30550.9241210695
"128","CO-BLM-GR8-4",31415.927,4.733875216124,3,0,4,1,12.5663706143592,360470.094618502,0,1,0,0,1,1,0,0.000687359978594053,0.556831609154769,0.75,0,1,11834.6882151418,0.0507315111980355,0,0.0507315111980355,600.391617711725,1034,1.10460134705306,10713.9903882204,13072.6125443986
"129","CO-BLM-GR8-5",31415.927,17.8723083752866,9,0,4,1,12.5663706143592,6302033.77276431,0,1,0,0,1,1,0,0.000687359978594053,0.556831609154769,2.25,0,1,44680.7715982779,0.0561849111898436,0,0.0561849111898436,2510.38518414293,1034,1.11645958659207,40020.0527944441,49884.275787228
"130","CO-BLM-GR8-6",31415.927,9.467750432248,6,0,3,1,9.42477796076938,2563343.00121095,0,1,0,0,1,1,0,0.000687359978594053,0.556831609154769,2,0,1,31559.1685737115,0.0507315122484117,0,0.0507315122484117,1601.04434704693,1034,1.10460134932538,28570.6409764806,34860.3001901088
"131","CO-BLM-GR8-7",31415.927,7.56470816573305,5,0,3,1,9.42477796076938,1479928.91465199,0,1,0,0,1,1,0,0.000687359978594053,0.556831609154769,1.66666666666667,0,1,25215.6942582839,0.0482446875088954,0,0.0482446875088954,1216.52328981076,1034,1.09923408005821,22939.3308629483,27717.9504810339
"132","CO-BLM-GR8-8",31415.927,4.733875216124,3,0,3,1,9.42477796076938,640835.750302736,0,1,0,0,1,1,0,0.000687359978594053,0.556831609154769,1,0,1,15779.5842868557,0.0507315122484117,0,0.0507315122484117,800.522173523467,1034,1.10460134932538,14285.3204882403,17430.1500950544
"133","CO-BLM-GR8-9",31415.927,13.7221879302421,7,0,4,1,12.5663706143592,3719793.86876467,0,1,0,0,1,1,0,0.000687359978594053,0.556831609154769,1.75,0,1,34305.4703323941,0.0562206754706301,0,0.0562206754706301,1928.67671442486,1034,1.11653775608493,30724.8636648743,38303.3528663694
"134","CO-BLM-GU1-11",31415.927,1.90304226651495,1,0,3,1,9.42477796076938,333745.73262414,0,1,0,0,1,1,0,0.000687359978594053,0.556831609154769,0.333333333333333,0,1,6343.47431542754,0.0910711194415145,0,0.0910711194415145,577.707307054481,1034,1.19522733820354,5307.33703343997,7581.893920991
"135","CO-BLM-GU1-12",31415.927,3.66249465333406,2,0,3,1,9.42477796076938,438419.232575483,0,1,0,0,1,1,0,0.000687359978594053,0.556831609154769,0.666666666666667,0,1,12208.3156914649,0.0542361742925115,0,0.0542361742925115,662.132337660292,1034,1.11220817263976,10976.6462716141,13578.1884862134
"136","CO-BLM-GU1-15",31415.927,2.24707817852953,1,0,3,1,9.42477796076938,338136.97061857,0,1,0,0,1,1,0,0.000687359978594053,0.556831609154769,0.333333333333333,0,1,7490.26070575077,0.0776335408572495,0,0.0776335408572495,581.495460531353,1034,1.16428652511652,6433.34827309899,8720.80960931536
"137","CO-BLM-GU1-16",31415.927,7.07708237402263,5,0,2,1,6.28318530717959,3740646.96759274,0,1,0,0,1,1,0,0.000687359978594053,0.556831609154769,2.5,0,1,35385.4123928558,0.0546574164902959,0,0.0546574164902959,1934.07522283719,1034,1.11312584938111,31789.2288751805,39388.4172254984
"138","CO-BLM-GU1-2",31415.927,1.41541647480453,1,0,3,1,9.42477796076938,66500.3904041285,0,1,0,0,1,1,0,0.000687359978594053,0.556831609154769,0.333333333333333,0,1,4718.0549857141,0.0546574164365209,0,0.0546574164365209,257.876696124579,1034,1.11312584926391,4238.56385047033,5251.78896284685
"139","CO-BLM-GU1-3",31415.927,5.56553691984901,3,0,3,1,9.42477796076938,865630.298879665,0,1,0,0,1,1,0,0.000687359978594053,0.556831609154769,1,0,1,18551.7900068924,0.0501510932698764,0,0.0501510932698764,930.392550958822,1034,1.10334639054138,16814.1122007837,20469.0505421863
"140","CO-BLM-GU1-7",31415.927,2.24707817852953,1,0,3,1,9.42477796076938,338136.97061857,0,1,0,0,1,1,0,0.000687359978594053,0.556831609154769,0.333333333333333,0,1,7490.26070575077,0.0776335408572495,0,0.0776335408572495,581.495460531353,1034,1.16428652511652,6433.34827309899,8720.80960931536
"141","CO-BLM-GU1-8",31415.927,4.15012044504448,2,0,3,1,9.42477796076938,744803.802910445,0,1,0,0,1,1,0,0.000687359978594053,0.556831609154769,0.666666666666667,0,1,13833.7350211783,0.062385188262914,0,0.062385188262914,863.020163675476,1034,1.13008986666681,12241.2698575741,15633.3637655874
"142","CO-BLM-GU11-1",31415.927,10.8831669070525,7,0,3,1,9.42477796076938,3202935.02183441,0,1,0,0,1,1,0,0.000687359978594053,0.556831609154769,2.33333333333333,0,1,36277.2235594256,0.0493332835846255,0,0.0493332835846255,1789.67455752,1034,1.1015804820027,32931.9774198183,39962.2814143119
"143","CO-BLM-GU11-10",31415.927,1.41541647480453,1,0,3,1,9.42477796076938,66500.3904041285,0,1,0,0,1,1,0,0.000687359978594053,0.556831609154769,0.333333333333333,0,1,4718.0549857141,0.0546574164365209,0,0.0546574164365209,257.876696124579,1034,1.11312584926391,4238.56385047033,5251.78896284685
"144","CO-BLM-GU11-11",31415.927,9.467750432248,6,0,3,1,9.42477796076938,2563343.00121095,0,1,0,0,1,1,0,0.000687359978594053,0.556831609154769,2,0,1,31559.1685737115,0.0507315122484117,0,0.0507315122484117,1601.04434704693,1034,1.10460134932538,28570.6409764806,34860.3001901088
"145","CO-BLM-GU11-12",31415.927,8.05233395744347,5,0,3,1,9.42477796076938,2056751.93428734,0,1,0,0,1,1,0,0.000687359978594053,0.556831609154769,1.66666666666667,0,1,26841.1135879974,0.0534306462753535,0,0.0534306462753535,1434.13804575687,1034,1.11045534784623,24171.2677957351,29805.8581259398
"146","CO-BLM-GU11-13",31415.927,1.41541647480453,1,0,3,1,9.42477796076938,66500.3904041285,0,1,0,0,1,1,0,0.000687359978594053,0.556831609154769,0.333333333333333,0,1,4718.0549857141,0.0546574164365209,0,0.0546574164365209,257.876696124579,1034,1.11312584926391,4238.56385047033,5251.78896284685
"147","CO-BLM-GU11-14",31415.927,4.24624942441358,3,0,3,1,9.42477796076938,598503.515789638,0,1,0,0,1,1,0,0.000687359978594053,0.556831609154769,1,0,1,14154.1649571423,0.0546574165348069,0,0.0546574165348069,773.630089764894,1034,1.11312584947812,12715.691548964,15755.3668915724
"148","CO-BLM-GU11-15",31415.927,2.83083294960905,2,0,3,1,9.42477796076938,266001.561616514,0,1,0,0,1,1,0,0.000687359978594053,0.556831609154769,0.666666666666667,0,1,9436.1099714282,0.0546574164365209,0,0.0546574164365209,515.753392249158,1034,1.11312584926391,8477.12770094065,10503.5779256937
"149","CO-BLM-GU11-16",31415.927,6.14929169092853,4,0,3,1,9.42477796076938,993881.934686693,0,1,0,0,1,1,0,0.000687359978594053,0.556831609154769,1.33333333333333,0,1,20497.6392725698,0.0486366386332776,0,0.0486366386332776,996.936274135259,1034,1.10007835172132,18632.8903214,22549.0092251469
"150","CO-BLM-GU11-2",31415.927,3.31845874131947,2,0,3,1,9.42477796076938,420790.348866766,0,1,0,0,1,1,0,0.000687359978594053,0.556831609154769,0.666666666666667,0,1,11061.5293011416,0.0586432068276356,0,0.0586432068276356,648.683550636801,1034,1.12184485291778,9860.12394884373,12409.3197118849
"151","CO-BLM-GU11-3",31415.927,8.53995974915389,5,0,3,1,9.42477796076938,3392978.94282989,0,1,0,0,1,1,0,0.000687359978594053,0.556831609154769,1.66666666666667,0,1,28466.5329177108,0.0647077064658007,0,0.0647077064658007,1842.00405613828,1034,1.135236262758,25075.4260162134,32316.2404431796
"152","CO-BLM-GU11-4",31415.927,8.98012464053758,6,0,3,1,9.42477796076938,2098976.65203426,0,1,0,0,1,1,0,0.000687359978594053,0.556831609154769,2,0,1,29933.749243998,0.0483997019948976,0,0.0483997019948976,1448.7845429995,1034,1.09956791018035,27223.1928258877,32914.1901000856
"153","CO-BLM-GU11-5",31415.927,4.24624942441358,3,0,3,1,9.42477796076938,598503.515789638,0,1,0,0,1,1,0,0.000687359978594053,0.556831609154769,1,0,1,14154.1649571423,0.0546574165348069,0,0.0546574165348069,773.630089764894,1034,1.11312584947812,12715.691548964,15755.3668915724
"154","CO-BLM-GU11-6",31415.927,6.14929169092853,4,0,3,1,9.42477796076938,993881.934686693,0,1,0,0,1,1,0,0.000687359978594053,0.556831609154769,1.33333333333333,0,1,20497.6392725698,0.0486366386332776,0,0.0486366386332776,996.936274135259,1034,1.10007835172132,18632.8903214,22549.0092251469
"155","CO-BLM-GU11-7",31415.927,8.05233395744347,5,0,3,1,9.42477796076938,2056751.93428734,0,1,0,0,1,1,0,0.000687359978594053,0.556831609154769,1.66666666666667,0,1,26841.1135879974,0.0534306462753535,0,0.0534306462753535,1434.13804575687,1034,1.11045534784623,24171.2677957351,29805.8581259398
"156","CO-BLM-GU11-8",31415.927,10.8831669070525,7,0,3,1,9.42477796076938,3202935.02183441,0,1,0,0,1,1,0,0.000687359978594053,0.556831609154769,2.33333333333333,0,1,36277.2235594256,0.0493332835846255,0,0.0493332835846255,1789.67455752,1034,1.1015804820027,32931.9774198183,39962.2814143119
"157","CO-BLM-GU11-9",31415.927,8.05233395744347,5,0,3,1,9.42477796076938,2056751.93428734,0,1,0,0,1,1,0,0.000687359978594053,0.556831609154769,1.66666666666667,0,1,26841.1135879974,0.0534306462753535,0,0.0534306462753535,1434.13804575687,1034,1.11045534784623,24171.2677957351,29805.8581259398
"158","CO-BLM-GU12-1",31415.927,0,0,0,1,1,3.14159265358979,0,0,NA,0,0,1,1,0,0.000687359978594053,0.556831609154769,0,NA,1,0,NA,0,0,0,1,1,0,0
"159","CO-BLM-GU12-10",31415.927,0,0,0,1,1,3.14159265358979,0,0,NA,0,0,1,1,0,0.000687359978594053,0.556831609154769,0,NA,1,0,NA,0,0,0,1,1,0,0
"160","CO-BLM-GU12-11",31415.927,0,0,0,1,1,3.14159265358979,0,0,NA,0,0,1,1,0,0.000687359978594053,0.556831609154769,0,NA,1,0,NA,0,0,0,1,1,0,0
"161","CO-BLM-GU12-12",31415.927,0,0,0,1,1,3.14159265358979,0,0,NA,0,0,1,1,0,0.000687359978594053,0.556831609154769,0,NA,1,0,NA,0,0,0,1,1,0,0
"162","CO-BLM-GU12-13",31415.927,3.80608453302989,2,0,1,1,3.14159265358979,12014847.2267281,0,1,0,0,1,1,0,0.000687359978594053,0.556831609154769,2,0,1,38060.8458925652,0.091071122671526,0,0.091071122671526,3466.24396526386,1034,1.19522734573227,31844.0220000545,45491.3638124958
"163","CO-BLM-GU12-14",31415.927,1.90304226651495,1,0,1,1,3.14159265358979,3003711.80668202,0,1,0,0,1,1,0,0.000687359978594053,0.556831609154769,1,0,1,19030.4229462826,0.091071122671526,0,0.091071122671526,1733.12198263193,1034,1.19522734573227,15922.0110000273,22745.6819062479
"164","CO-BLM-GU12-15",31415.927,1.90304226651495,1,0,1,1,3.14159265358979,3003711.80668202,0,1,0,0,1,1,0,0.000687359978594053,0.556831609154769,1,0,1,19030.4229462826,0.091071122671526,0,0.091071122671526,1733.12198263193,1034,1.19522734573227,15922.0110000273,22745.6819062479
"165","CO-BLM-GU12-16",31415.927,0,0,0,1,1,3.14159265358979,0,0,NA,0,0,1,1,0,0.000687359978594053,0.556831609154769,0,NA,1,0,NA,0,0,0,1,1,0,0
"166","CO-BLM-GU12-2",31415.927,0,0,0,1,1,3.14159265358979,0,0,NA,0,0,1,1,0,0.000687359978594053,0.556831609154769,0,NA,1,0,NA,0,0,0,1,1,0,0
"167","CO-BLM-GU12-3",31415.927,1.90304226651495,1,0,1,1,3.14159265358979,3003711.80668202,0,1,0,0,1,1,0,0.000687359978594053,0.556831609154769,1,0,1,19030.4229462826,0.091071122671526,0,0.091071122671526,1733.12198263193,1034,1.19522734573227,15922.0110000273,22745.6819062479
"168","CO-BLM-GU12-7",31415.927,1.90304226651495,1,0,1,1,3.14159265358979,3003711.80668202,0,1,0,0,1,1,0,0.000687359978594053,0.556831609154769,1,0,1,19030.4229462826,0.091071122671526,0,0.091071122671526,1733.12198263193,1034,1.19522734573227,15922.0110000273,22745.6819062479
"169","CO-BLM-GU12-9",31415.927,0,0,0,1,1,3.14159265358979,0,0,NA,0,0,1,1,0,0.000687359978594053,0.556831609154769,0,NA,1,0,NA,0,0,0,1,1,0,0
"170","CO-BLM-GU2-1",31415.927,3.31845874131947,2,0,3,1,9.42477796076938,420790.348866766,0,1,0,0,1,1,0,0.000687359978594053,0.556831609154769,0.666666666666667,0,1,11061.5293011416,0.0586432068276356,0,0.0586432068276356,648.683550636801,1034,1.12184485291778,9860.12394884373,12409.3197118849
"171","CO-BLM-GU2-10",31415.927,4.24624942441358,3,0,3,1,9.42477796076938,598503.515789638,0,1,0,0,1,1,0,0.000687359978594053,0.556831609154769,1,0,1,14154.1649571423,0.0546574165348069,0,0.0546574165348069,773.630089764894,1034,1.11312584947812,12715.691548964,15755.3668915724
"172","CO-BLM-GU2-11",31415.927,6.63691748263894,4,0,3,1,9.42477796076938,1683161.39546707,0,1,0,0,1,1,0,0.000687359978594053,0.556831609154769,1.33333333333333,0,1,22123.0586022833,0.0586432068276356,0,0.0586432068276356,1297.3671012736,1034,1.12184485291778,19720.2478976875,24818.6394237698
"173","CO-BLM-GU2-13",31415.927,3.31845874131947,2,0,3,1,9.42477796076938,420790.348866766,0,1,0,0,1,1,0,0.000687359978594053,0.556831609154769,0.666666666666667,0,1,11061.5293011416,0.0586432068276356,0,0.0586432068276356,648.683550636801,1034,1.12184485291778,9860.12394884373,12409.3197118849
"174","CO-BLM-GU2-14",31415.927,15.6170421231765,10,0,3,1,9.42477796076938,6693660.03074126,0,1,0,0,1,1,0,0.000687359978594053,0.556831609154769,3.33333333333333,0,1,52056.8078462813,0.0496997600580946,0,0.0496997600580946,2587.21085935052,1034,1.10237148359309,47222.56391884,57385.9404966257
"175","CO-BLM-GU2-15",31415.927,3.31845874131947,2,0,3,1,9.42477796076938,420790.348866766,0,1,0,0,1,1,0,0.000687359978594053,0.556831609154769,0.666666666666667,0,1,11061.5293011416,0.0586432068276356,0,0.0586432068276356,648.683550636801,1034,1.12184485291778,9860.12394884373,12409.3197118849
"176","CO-BLM-GU2-16",31415.927,0,0,0,2,1,6.28318530717959,0,0,NA,0,0,1,1,0,0.000687359978594053,0.556831609154769,0,NA,1,0,NA,0,0,0,1,1,0,0
"177","CO-BLM-GU2-2",31415.927,5.22150100783442,3,0,3,1,9.42477796076938,1442571.91652172,0,1,0,0,1,1,0,0.000687359978594053,0.556831609154769,1,0,1,17405.0036165692,0.0690072337973902,0,0.0690072337973902,1201.07115381301,1034,1.14482227305543,15203.236367962,19925.6358028587
"178","CO-BLM-GU2-3",31415.927,1.41541647480453,1,0,3,1,9.42477796076938,66500.3904041285,0,1,0,0,1,1,0,0.000687359978594053,0.556831609154769,0.333333333333333,0,1,4718.0549857141,0.0546574164365209,0,0.0546574164365209,257.876696124579,1034,1.11312584926391,4238.56385047033,5251.78896284685
"179","CO-BLM-GU2-5",31415.927,6.63691748263894,4,0,3,1,9.42477796076938,1683161.39546707,0,1,0,0,1,1,0,0.000687359978594053,0.556831609154769,1.33333333333333,0,1,22123.0586022833,0.0586432068276356,0,0.0586432068276356,1297.3671012736,1034,1.12184485291778,19720.2478976875,24818.6394237698
"180","CO-BLM-GU2-6",31415.927,3.31845874131947,2,0,3,1,9.42477796076938,420790.348866766,0,1,0,0,1,1,0,0.000687359978594053,0.556831609154769,0.666666666666667,0,1,11061.5293011416,0.0586432068276356,0,0.0586432068276356,648.683550636801,1034,1.12184485291778,9860.12394884373,12409.3197118849
"181","CO-BLM-GU2-7",31415.927,2.83083294960905,2,0,3,1,9.42477796076938,266001.561616514,0,1,0,0,1,1,0,0.000687359978594053,0.556831609154769,0.666666666666667,0,1,9436.1099714282,0.0546574164365209,0,0.0546574164365209,515.753392249158,1034,1.11312584926391,8477.12770094065,10503.5779256937
"182","CO-BLM-GU2-9",31415.927,2.83083294960905,2,0,3,1,9.42477796076938,266001.561616514,0,1,0,0,1,1,0,0.000687359978594053,0.556831609154769,0.666666666666667,0,1,9436.1099714282,0.0546574164365209,0,0.0546574164365209,515.753392249158,1034,1.11312584926391,8477.12770094065,10503.5779256937
"183","CO-BLM-GU3-10",31415.927,1.90304226651495,1,0,4,1,12.5663706143592,187731.987917627,0,1,0,0,1,1,0,0.000687359978594053,0.556831609154769,0.25,0,1,4757.60573657065,0.091071122671526,0,0.091071122671526,433.280495657982,1034,1.19522734573227,3980.50275000681,5686.42047656197
"184","CO-BLM-GU3-11",31415.927,0,0,0,4,1,12.5663706143592,0,0,NA,0,0,1,1,0,0.000687359978594053,0.556831609154769,0,NA,1,0,NA,0,0,0,1,1,0,0
"185","CO-BLM-GU3-12",31415.927,1.41541647480453,1,0,4,1,12.5663706143592,37406.4702361452,0,1,0,0,1,1,0,0.000687359978594053,0.556831609154769,0.25,0,1,3538.54123928558,0.0546574168995841,0,0.0546574168995841,193.407523732003,1034,1.1131258502731,3178.92288497067,3938.84172570617
"186","CO-BLM-GU3-13",31415.927,4.15012044504448,2,0,3,1,9.42477796076938,744803.802910445,0,1,0,0,1,1,0,0.000687359978594053,0.556831609154769,0.666666666666667,0,1,13833.7350211783,0.062385188262914,0,0.062385188262914,863.020163675476,1034,1.13008986666681,12241.2698575741,15633.3637655874
"187","CO-BLM-GU3-15",31415.927,3.31845874131947,2,0,4,1,12.5663706143592,236694.584601528,0,1,0,0,1,1,0,0.000687359978594053,0.556831609154769,0.5,0,1,8296.14697585623,0.0586432084831577,0,0.0586432084831577,486.512676712055,1034,1.12184485655279,7395.09293767112,9306.98981407031
"188","CO-BLM-GU3-2",31415.927,3.31845874131947,2,0,4,1,12.5663706143592,236694.584601528,0,1,0,0,1,1,0,0.000687359978594053,0.556831609154769,0.5,0,1,8296.14697585623,0.0586432084831577,0,0.0586432084831577,486.512676712055,1034,1.12184485655279,7395.09293767112,9306.98981407031
"189","CO-BLM-GU3-3",31415.927,7.81261509837854,4,0,4,1,12.5663706143592,1117543.57067138,0,1,0,0,1,1,0,0.000687359978594053,0.556831609154769,1,0,1,19531.5380344824,0.0541247356837173,0,0.0541247356837173,1057.13933361283,1034,1.11196552478788,17564.8773267573,21718.3969404276
"190","CO-BLM-GU3-4",31415.927,0,0,0,2,1,6.28318530717959,0,0,NA,0,0,1,1,0,0.000687359978594053,0.556831609154769,0,NA,1,0,NA,0,0,0,1,1,0,0
"191","CO-BLM-GU3-6",31415.927,3.80608453302989,2,0,4,1,12.5663706143592,750927.951670506,0,1,0,0,1,1,0,0.000687359978594053,0.556831609154769,0.5,0,1,9515.21147314131,0.091071122671526,0,0.091071122671526,866.560991315964,1034,1.19522734573227,7961.00550001363,11372.8409531239
"192","CO-BLM-GU3-7",31415.927,2.24707817852953,1,0,4,1,12.5663706143592,190202.046896816,0,1,0,0,1,1,0,0.000687359978594053,0.556831609154769,0.25,0,1,5617.69552931308,0.0776335410457945,0,0.0776335410457945,436.121596457704,1034,1.16428652554534,4825.01120304714,6540.6072093955
"193","CO-BLM-GU3-8",31415.927,1.41541647480453,1,0,4,1,12.5663706143592,37406.4702361452,0,1,0,0,1,1,0,0.000687359978594053,0.556831609154769,0.25,0,1,3538.54123928558,0.0546574168995841,0,0.0546574168995841,193.407523732003,1034,1.1131258502731,3178.92288497067,3938.84172570617
"194","CO-BLM-GU3-9",31415.927,3.66249465333406,2,0,3,1,9.42477796076938,438419.232575483,0,1,0,0,1,1,0,0.000687359978594053,0.556831609154769,0.666666666666667,0,1,12208.3156914649,0.0542361742925115,0,0.0542361742925115,662.132337660292,1034,1.11220817263976,10976.6462716141,13578.1884862134
"195","CO-BLM-GU4-1",31415.927,4.733875216124,3,0,3,1,9.42477796076938,640835.750302736,0,1,0,0,1,1,0,0.000687359978594053,0.556831609154769,1,0,1,15779.5842868557,0.0507315122484117,0,0.0507315122484117,800.522173523467,1034,1.10460134932538,14285.3204882403,17430.1500950544
"196","CO-BLM-GU4-10",31415.927,3.31845874131947,2,0,3,1,9.42477796076938,420790.348866766,0,1,0,0,1,1,0,0.000687359978594053,0.556831609154769,0.666666666666667,0,1,11061.5293011416,0.0586432068276356,0,0.0586432068276356,648.683550636801,1034,1.12184485291778,9860.12394884373,12409.3197118849
"197","CO-BLM-GU4-11",31415.927,1.41541647480453,1,0,3,1,9.42477796076938,66500.3904041285,0,1,0,0,1,1,0,0.000687359978594053,0.556831609154769,0.333333333333333,0,1,4718.0549857141,0.0546574164365209,0,0.0546574164365209,257.876696124579,1034,1.11312584926391,4238.56385047033,5251.78896284685
"198","CO-BLM-GU4-12",31415.927,16.1046679148869,10,0,3,1,9.42477796076938,8227007.73714935,0,1,0,0,1,1,0,0.000687359978594053,0.556831609154769,3.33333333333333,0,1,53682.2271759948,0.0534306462753535,0,0.0534306462753535,2868.27609151374,1034,1.11045534784623,48342.5355914701,59611.7162518797
"199","CO-BLM-GU4-13",31415.927,1.41541647480453,1,0,3,1,9.42477796076938,66500.3904041285,0,1,0,0,1,1,0,0.000687359978594053,0.556831609154769,0.333333333333333,0,1,4718.0549857141,0.0546574164365209,0,0.0546574164365209,257.876696124579,1034,1.11312584926391,4238.56385047033,5251.78896284685
"200","CO-BLM-GU4-14",31415.927,1.41541647480453,1,0,3,1,9.42477796076938,66500.3904041285,0,1,0,0,1,1,0,0.000687359978594053,0.556831609154769,0.333333333333333,0,1,4718.0549857141,0.0546574164365209,0,0.0546574164365209,257.876696124579,1034,1.11312584926391,4238.56385047033,5251.78896284685
"201","CO-BLM-GU4-15",31415.927,3.31845874131947,2,0,3,1,9.42477796076938,420790.348866766,0,1,0,0,1,1,0,0.000687359978594053,0.556831609154769,0.666666666666667,0,1,11061.5293011416,0.0586432068276356,0,0.0586432068276356,648.683550636801,1034,1.12184485291778,9860.12394884373,12409.3197118849
"202","CO-BLM-GU4-16",31415.927,5.66166589921811,4,0,3,1,9.42477796076938,1064006.24646606,0,1,0,0,1,1,0,0.000687359978594053,0.556831609154769,1.33333333333333,0,1,18872.2199428564,0.0546574164365209,0,0.0546574164365209,1031.50678449832,1034,1.11312584926391,16954.2554018813,21007.1558513874
"203","CO-BLM-GU4-2",31415.927,3.31845874131947,2,0,3,1,9.42477796076938,420790.348866766,0,1,0,0,1,1,0,0.000687359978594053,0.556831609154769,0.666666666666667,0,1,11061.5293011416,0.0586432068276356,0,0.0586432068276356,648.683550636801,1034,1.12184485291778,9860.12394884373,12409.3197118849
"204","CO-BLM-GU4-3",31415.927,0,0,0,3,1,9.42477796076938,0,0,NA,0,0,1,1,0,0.000687359978594053,0.556831609154769,0,NA,1,0,NA,0,0,0,1,1,0,0
"205","CO-BLM-GU4-4",31415.927,3.31845874131947,2,0,3,1,9.42477796076938,420790.348866766,0,1,0,0,1,1,0,0.000687359978594053,0.556831609154769,0.666666666666667,0,1,11061.5293011416,0.0586432068276356,0,0.0586432068276356,648.683550636801,1034,1.12184485291778,9860.12394884373,12409.3197118849
"206","CO-BLM-GU4-5",31415.927,5.22150100783442,3,0,3,1,9.42477796076938,1442571.91652172,0,1,0,0,1,1,0,0.000687359978594053,0.556831609154769,1,0,1,17405.0036165692,0.0690072337973902,0,0.0690072337973902,1201.07115381301,1034,1.14482227305543,15203.236367962,19925.6358028587
"207","CO-BLM-GU4-6",31415.927,3.80608453302989,2,0,3,1,9.42477796076938,1334982.93049656,0,1,0,0,1,1,0,0.000687359978594053,0.556831609154769,0.666666666666667,0,1,12686.9486308551,0.0910711194415145,0,0.0910711194415145,1155.41461410896,1034,1.19522733820354,10614.6740668799,15163.787841982
"208","CO-BLM-GU4-7",31415.927,1.90304226651495,1,0,3,1,9.42477796076938,333745.73262414,0,1,0,0,1,1,0,0.000687359978594053,0.556831609154769,0.333333333333333,0,1,6343.47431542754,0.0910711194415145,0,0.0910711194415145,577.707307054481,1034,1.19522733820354,5307.33703343997,7581.893920991
"209","CO-BLM-GU4-8",31415.927,4.733875216124,3,0,3,1,9.42477796076938,640835.750302736,0,1,0,0,1,1,0,0.000687359978594053,0.556831609154769,1,0,1,15779.5842868557,0.0507315122484117,0,0.0507315122484117,800.522173523467,1034,1.10460134932538,14285.3204882403,17430.1500950544
"210","CO-BLM-GU4-9",31415.927,1.41541647480453,1,0,3,1,9.42477796076938,66500.3904041285,0,1,0,0,1,1,0,0.000687359978594053,0.556831609154769,0.333333333333333,0,1,4718.0549857141,0.0546574164365209,0,0.0546574164365209,257.876696124579,1034,1.11312584926391,4238.56385047033,5251.78896284685
"211","CO-BLM-GU5-1",31415.927,11.962735543423,6,0,4,1,12.5663706143592,2826380.66752799,0,1,0,0,1,1,0,0.000687359978594053,0.556831609154769,1.5,0,1,29906.8393003661,0.0562140414826093,0,0.0562140414826093,1681.18430504451,1034,1.11652325587356,26785.6841700688,33391.6815885322
"212","CO-BLM-GU5-10",31415.927,10.4037291889227,5,0,4,1,12.5663706143592,3156648.44613226,0,1,0,0,1,1,0,0.000687359978594053,0.556831609154769,1.25,0,1,26009.3233565379,0.0683099637325497,0,0.0683099637325497,1776.69593519326,1034,1.14326247577685,22750.0892468849,29735.4834138761
"213","CO-BLM-GU5-11",31415.927,5.56553691984901,3,0,4,1,12.5663706143592,486917.046781477,0,1,0,0,1,1,0,0.000687359978594053,0.556831609154769,0.75,0,1,13913.8425051693,0.0501510934584471,0,0.0501510934584471,697.794415842859,1034,1.10334639094887,12610.5841459304,15351.7879123096
"214","CO-BLM-GU5-12",31415.927,12.9866552058862,8,0,4,1,12.5663706143592,2335468.72948924,0,1,0,0,1,1,0,0.000687359978594053,0.556831609154769,2,0,1,32466.6384943396,0.047070596622987,0,0.047070596622987,1528.2240442714,1034,1.09670879522015,29603.7003038918,35606.4479879754
"215","CO-BLM-GU5-13",31415.927,0,0,0,3,1,9.42477796076938,0,0,NA,0,0,1,1,0,0.000687359978594053,0.556831609154769,0,NA,1,0,NA,0,0,0,1,1,0,0
"216","CO-BLM-GU5-14",31415.927,6.98095339465353,4,0,4,1,12.5663706143592,629694.876054463,0,1,0,0,1,1,0,0.000687359978594053,0.556831609154769,1,0,1,17452.3837444549,0.0454684684706239,0,0.0454684684706239,793.533160021976,1034,1.09327189182547,15963.4431973862,19080.2005931643
"217","CO-BLM-GU5-15",31415.927,5.90957283186359,3,0,4,1,12.5663706143592,836219.2566964,0,1,0,0,1,1,0,0.000687359978594053,0.556831609154769,0.75,0,1,14773.9322979117,0.0618961986493774,0,0.0618961986493774,914.450248343998,1034,1.12900916352583,13085.7505635947,16679.9049456526
"218","CO-BLM-GU5-16",31415.927,8.74040578147265,5,0,4,1,12.5663706143592,1211480.24356492,0,1,0,0,1,1,0,0.000687359978594053,0.556831609154769,1.25,0,1,21851.0147764829,0.0503716941108253,0,0.0503716941108253,1100.67263233212,1034,1.10382320330224,19795.7559789579,24119.657125982
"219","CO-BLM-GU5-2",31415.927,10.1558222562772,6,0,4,1,12.5663706143592,1511330.1349412,0,1,0,0,1,1,0,0.000687359978594053,0.556831609154769,1.5,0,1,25389.5560157685,0.0484199754054911,0,0.0484199754054911,1229.36167783985,1034,1.09961157702959,23089.5677584205,27918.6497305804
"220","CO-BLM-GU5-3",31415.927,9.57206748519765,5,0,4,1,12.5663706143592,1975458.1560845,0,1,0,0,1,1,0,0.000687359978594053,0.556831609154769,1.25,0,1,23930.1690665104,0.0587338068325617,0,0.0587338068325617,1405.50992742296,1034,1.12204379946955,21327.3038697986,26850.6978213359
"221","CO-BLM-GU5-4",31415.927,5.07791112813859,3,0,4,1,12.5663706143592,377832.533735301,0,1,0,0,1,1,0,0.000687359978594053,0.556831609154769,0.75,0,1,12694.7780078842,0.0484199754054911,0,0.0484199754054911,614.680838919924,1034,1.09961157702959,11544.7838792103,13959.3248652902
"222","CO-BLM-GU5-5",31415.927,4.15012044504448,2,0,4,1,12.5663706143592,418952.140579521,0,1,0,0,1,1,0,0.000687359978594053,0.556831609154769,0.5,0,1,10375.3012658837,0.0623851883703059,0,0.0623851883703059,647.26512387083,1034,1.13008986690426,9180.95239125147,11725.0228266542
"223","CO-BLM-GU5-6",31415.927,13.7221879302421,7,0,4,1,12.5663706143592,3719793.86876467,0,1,0,0,1,1,0,0.000687359978594053,0.556831609154769,1.75,0,1,34305.4703323941,0.0562206754706301,0,0.0562206754706301,1928.67671442486,1034,1.11653775608493,30724.8636648743,38303.3528663694
"224","CO-BLM-GU5-7",31415.927,6.98095339465353,4,0,4,1,12.5663706143592,629694.876054463,0,1,0,0,1,1,0,0.000687359978594053,0.556831609154769,1,0,1,17452.3837444549,0.0454684684706239,0,0.0454684684706239,793.533160021976,1034,1.09327189182547,15963.4431973862,19080.2005931643
"225","CO-BLM-GU5-8",31415.927,14.6499786133362,8,0,3,1,9.42477796076938,7014707.72120772,0,1,0,0,1,1,0,0.000687359978594053,0.556831609154769,2.66666666666667,0,1,48833.2627658595,0.0542361742925115,0,0.0542361742925115,2648.52935064117,1034,1.11220817263976,43906.5850864563,54312.7539448536
"226","CO-BLM-GU5-9",31415.927,10.9874839600022,6,0,4,1,12.5663706143592,2219497.40197875,0,1,0,0,1,1,0,0.000687359978594053,0.556831609154769,1.5,0,1,27468.710305796,0.0542361747453806,0,0.0542361747453806,1489.79777217539,1034,1.11220817362594,24697.4540892326,30550.9241210695
"227","CO-BLM-GU6-1",31415.927,0,0,0,3,1,9.42477796076938,0,0,NA,0,0,1,1,0,0.000687359978594053,0.556831609154769,0,NA,1,0,NA,0,0,0,1,1,0,0
"228","CO-BLM-GU6-10",31415.927,0,0,0,3,1,9.42477796076938,0,0,NA,0,0,1,1,0,0.000687359978594053,0.556831609154769,0,NA,1,0,NA,0,0,0,1,1,0,0
"229","CO-BLM-GU6-11",31415.927,7.07708237402263,5,0,3,1,9.42477796076938,1662509.77291762,0,1,0,0,1,1,0,0.000687359978594053,0.556831609154769,1.66666666666667,0,1,23590.2749285705,0.054657416647167,0,0.054657416647167,1289.3834855921,1034,1.11312584972299,21192.8192436112,26258.944825064
"230","CO-BLM-GU6-12",31415.927,4.24624942441358,3,0,3,1,9.42477796076938,598503.515789638,0,1,0,0,1,1,0,0.000687359978594053,0.556831609154769,1,0,1,14154.1649571423,0.0546574165348069,0,0.0546574165348069,773.630089764894,1034,1.11312584947812,12715.691548964,15755.3668915724
"231","CO-BLM-GU6-13",31415.927,1.41541647480453,1,0,3,1,9.42477796076938,66500.3904041285,0,1,0,0,1,1,0,0.000687359978594053,0.556831609154769,0.333333333333333,0,1,4718.0549857141,0.0546574164365209,0,0.0546574164365209,257.876696124579,1034,1.11312584926391,4238.56385047033,5251.78896284685
"232","CO-BLM-GU6-14",31415.927,2.83083294960905,2,0,3,1,9.42477796076938,266001.561616514,0,1,0,0,1,1,0,0.000687359978594053,0.556831609154769,0.666666666666667,0,1,9436.1099714282,0.0546574164365209,0,0.0546574164365209,515.753392249158,1034,1.11312584926391,8477.12770094065,10503.5779256937
"233","CO-BLM-GU6-15",31415.927,3.31845874131947,2,0,3,1,9.42477796076938,420790.348866766,0,1,0,0,1,1,0,0.000687359978594053,0.556831609154769,0.666666666666667,0,1,11061.5293011416,0.0586432068276356,0,0.0586432068276356,648.683550636801,1034,1.12184485291778,9860.12394884373,12409.3197118849
"234","CO-BLM-GU6-16",31415.927,4.733875216124,3,0,3,1,9.42477796076938,640835.750302736,0,1,0,0,1,1,0,0.000687359978594053,0.556831609154769,1,0,1,15779.5842868557,0.0507315122484117,0,0.0507315122484117,800.522173523467,1034,1.10460134932538,14285.3204882403,17430.1500950544
"235","CO-BLM-GU6-2",31415.927,6.14929169092853,4,0,3,1,9.42477796076938,993881.934686693,0,1,0,0,1,1,0,0.000687359978594053,0.556831609154769,1.33333333333333,0,1,20497.6392725698,0.0486366386332776,0,0.0486366386332776,996.936274135259,1034,1.10007835172132,18632.8903214,22549.0092251469
"236","CO-BLM-GU6-3",31415.927,4.24624942441358,3,0,3,1,9.42477796076938,598503.515789638,0,1,0,0,1,1,0,0.000687359978594053,0.556831609154769,1,0,1,14154.1649571423,0.0546574165348069,0,0.0546574165348069,773.630089764894,1034,1.11312584947812,12715.691548964,15755.3668915724
"237","CO-BLM-GU6-4",31415.927,2.83083294960905,2,0,3,1,9.42477796076938,266001.561616514,0,1,0,0,1,1,0,0.000687359978594053,0.556831609154769,0.666666666666667,0,1,9436.1099714282,0.0546574164365209,0,0.0546574164365209,515.753392249158,1034,1.11312584926391,8477.12770094065,10503.5779256937
"238","CO-BLM-GU6-7",31415.927,9.95537622395842,6,0,3,1,9.42477796076938,3787113.77701679,0,1,0,0,1,1,0,0.000687359978594053,0.556831609154769,2,0,1,33184.5879034249,0.0586432117612592,0,0.0586432117612592,1946.05081563067,1034,1.12184486375049,29580.3715608983,37227.9594951339
"239","CO-BLM-GU6-8",31415.927,9.467750432248,6,0,3,1,9.42477796076938,2563343.00121095,0,1,0,0,1,1,0,0.000687359978594053,0.556831609154769,2,0,1,31559.1685737115,0.0507315122484117,0,0.0507315122484117,1601.04434704693,1034,1.10460134932538,28570.6409764806,34860.3001901088
"240","CO-BLM-GU7-1",31415.927,10.0596932769081,5,0,4,1,12.5663706143592,2128574.19631646,0,1,0,0,1,1,0,0.000687359978594053,0.556831609154769,1.25,0,1,25149.2335637955,0.0580122409761065,0,0.0580122409761065,1458.96339786729,1034,1.12046026322918,22445.4488830466,28178.7168589023
"241","CO-BLM-GU7-10",31415.927,11.6186996314084,6,0,4,1,12.5663706143592,2806584.15051198,0,1,0,0,1,1,0,0.000687359978594053,0.556831609154769,1.5,0,1,29046.7495076237,0.0576755167968057,0,0.0576755167968057,1675.28628911956,1034,1.11972202508249,25941.036129466,32524.2851807402
"242","CO-BLM-GU7-11",31415.927,11.4751097517126,6,0,4,1,12.5663706143592,2309356.73874073,0,1,0,0,1,1,0,0.000687359978594053,0.556831609154769,1.5,0,1,28687.774803081,0.0529722780395541,0,0.0529722780395541,1519.65678320492,1034,1.10945912400632,25857.4418672479,31827.9135027168
"243","CO-BLM-GU7-12",31415.927,15.9692661087717,8,0,4,1,12.5663706143592,5510634.87499656,0,1,0,0,1,1,0,0.000687359978594053,0.556831609154769,2,0,1,39923.1658617072,0.0587997994953187,0,0.0587997994953187,2347.47414788674,1034,1.12218873251377,35576.1599675634,44801.3268962863
"244","CO-BLM-GU7-13",31415.927,14.5538496339671,7,0,4,1,12.5663706143592,5291847.92428409,0,1,0,0,1,1,0,0.000687359978594053,0.556831609154769,1.75,0,1,36384.6246224216,0.063224554642681,0,0.063224554642681,2300.40168759373,1034,1.13194722545801,32143.3930876942,41185.4748906814
"245","CO-BLM-GU7-14",31415.927,6.7412345355886,3,0,4,1,12.5663706143592,1711818.41040017,0,1,0,0,1,1,0,0.000687359978594053,0.556831609154769,0.75,0,1,16853.0865879392,0.0776335407811418,0,0.0776335407811418,1308.3647849129,1034,1.16428652494342,14475.0336166248,19621.8216180424
"246","CO-BLM-GU7-15",31415.927,5.90957283186359,3,0,4,1,12.5663706143592,836219.2566964,0,1,0,0,1,1,0,0.000687359978594053,0.556831609154769,0.75,0,1,14773.9322979117,0.0618961986493774,0,0.0618961986493774,914.450248343998,1034,1.12900916352583,13085.7505635947,16679.9049456526
"247","CO-BLM-GU7-16",31415.927,16.3133020207863,8,0,4,1,12.5663706143592,7224927.249904,0,1,0,0,1,1,0,0.000687359978594053,0.556831609154769,2,0,1,40783.2556544496,0.0659075013818744,0,0.0659075013818744,2687.92247840298,1034,1.13790357327358,35840.6956550125,46407.4123389282
"248","CO-BLM-GU7-2",31415.927,15.9692661087717,8,0,4,1,12.5663706143592,5510634.87499656,0,1,0,0,1,1,0,0.000687359978594053,0.556831609154769,2,0,1,39923.1658617072,0.0587997994953187,0,0.0587997994953187,2347.47414788674,1034,1.12218873251377,35576.1599675634,44801.3268962863
"249","CO-BLM-GU7-3",31415.927,14.7935684930321,8,0,4,1,12.5663706143592,3285870.77275614,0,1,0,0,1,1,0,0.000687359978594053,0.556831609154769,2,0,1,36983.9217789373,0.0490131119637368,0,0.0490131119637368,1812.69709900914,1034,1.10088987170276,33594.5699289011,40715.2249022791
"250","CO-BLM-GU7-4",31415.927,21.3912131489248,11,0,4,1,12.5663706143592,10450468.5417144,0,1,0,0,1,1,0,0.000687359978594053,0.556831609154769,2.75,0,1,53478.0336623339,0.0604494635116681,0,0.0604494635116681,3232.71844454701,1034,1.1258175365904,47501.5106127189,60206.5081194271
"251","CO-BLM-GU7-5",31415.927,13.7221879302421,7,0,4,1,12.5663706143592,3719793.86876467,0,1,0,0,1,1,0,0.000687359978594053,0.556831609154769,1.75,0,1,34305.4703323941,0.0562206754706301,0,0.0562206754706301,1928.67671442486,1034,1.11653775608493,30724.8636648743,38303.3528663694
"252","CO-BLM-GU7-6",31415.927,4.15012044504448,2,0,4,1,12.5663706143592,418952.140579521,0,1,0,0,1,1,0,0.000687359978594053,0.556831609154769,0.5,0,1,10375.3012658837,0.0623851883703059,0,0.0623851883703059,647.26512387083,1034,1.13008986690426,9180.95239125147,11725.0228266542
"253","CO-BLM-GU7-7",31415.927,9.22803157318307,5,0,4,1,12.5663706143592,1279323.72547135,0,1,0,0,1,1,0,0.000687359978594053,0.556831609154769,1.25,0,1,23070.079273768,0.0490276571245549,0,0.0490276571245549,1131.0719364706,1034,1.10092123658224,20955.2495738822,25398.340202127
"254","CO-BLM-GU7-8",31415.927,19.6317607621057,10,0,4,1,12.5663706143592,7994482.86941126,0,1,0,0,1,1,0,0.000687359978594053,0.556831609154769,2.5,0,1,49079.4026303059,0.0576097406425533,0,0.0576097406425533,2827.45165642337,1034,1.11957787094237,43837.4175697085,54948.2131039612
"255","CO-BLM-GU7-9",31415.927,13.7221879302421,7,0,4,1,12.5663706143592,3719793.86876467,0,1,0,0,1,1,0,0.000687359978594053,0.556831609154769,1.75,0,1,34305.4703323941,0.0562206754706301,0,0.0562206754706301,1928.67671442486,1034,1.11653775608493,30724.8636648743,38303.3528663694
"256","CO-BLM-GU8-10",31415.927,2.83083294960905,2,0,1,1,3.14159265358979,2394014.0951133,0,1,0,0,1,1,0,0.000687359978594053,0.556831609154769,2,0,1,28308.3299142846,0.0546574168995841,0,0.0546574168995841,1547.26018985602,1034,1.1131258502731,25431.3830797653,31510.7338056494
"257","CO-BLM-GU8-11",31415.927,1.41541647480453,1,0,1,1,3.14159265358979,598503.523778324,0,1,0,0,1,1,0,0.000687359978594053,0.556831609154769,1,0,1,14154.1649571423,0.0546574168995841,0,0.0546574168995841,773.630094928011,1034,1.1131258502731,12715.6915398827,15755.3669028247
"258","CO-BLM-GU8-13",31415.927,2.83083294960905,2,0,1,1,3.14159265358979,2394014.0951133,0,1,0,0,1,1,0,0.000687359978594053,0.556831609154769,2,0,1,28308.3299142846,0.0546574168995841,0,0.0546574168995841,1547.26018985602,1034,1.1131258502731,25431.3830797653,31510.7338056494
"259","CO-BLM-GU8-14",31415.927,5.66166589921811,4,0,1,1,3.14159265358979,9576056.38045318,0,1,0,0,1,1,0,0.000687359978594053,0.556831609154769,4,0,1,56616.6598285692,0.0546574168995841,0,0.0546574168995841,3094.52037971205,1034,1.1131258502731,50862.7661595306,63021.4676112988
"260","CO-BLM-GU8-15",31415.927,1.41541647480453,1,0,1,1,3.14159265358979,598503.523778324,0,1,0,0,1,1,0,0.000687359978594053,0.556831609154769,1,0,1,14154.1649571423,0.0546574168995841,0,0.0546574168995841,773.630094928011,1034,1.1131258502731,12715.6915398827,15755.3669028247
"261","CO-BLM-GU8-5",31415.927,2.83083294960905,2,0,1,1,3.14159265358979,2394014.0951133,0,1,0,0,1,1,0,0.000687359978594053,0.556831609154769,2,0,1,28308.3299142846,0.0546574168995841,0,0.0546574168995841,1547.26018985602,1034,1.1131258502731,25431.3830797653,31510.7338056494
"262","CO-BLM-GU8-6",31415.927,0,0,0,1,1,3.14159265358979,0,0,NA,0,0,1,1,0,0.000687359978594053,0.556831609154769,0,NA,1,0,NA,0,0,0,1,1,0,0
"263","CO-BLM-GU8-7",31415.927,1.41541647480453,1,0,1,1,3.14159265358979,598503.523778324,0,1,0,0,1,1,0,0.000687359978594053,0.556831609154769,1,0,1,14154.1649571423,0.0546574168995841,0,0.0546574168995841,773.630094928011,1034,1.1131258502731,12715.6915398827,15755.3669028247
"264","CO-BLM-GU8-9",31415.927,2.83083294960905,2,0,1,1,3.14159265358979,2394014.0951133,0,1,0,0,1,1,0,0.000687359978594053,0.556831609154769,2,0,1,28308.3299142846,0.0546574168995841,0,0.0546574168995841,1547.26018985602,1034,1.1131258502731,25431.3830797653,31510.7338056494
"265","CO-BLM-GU9-1",31415.927,21.0471772369103,11,0,4,1,12.5663706143592,8381897.76169409,0,1,0,0,1,1,0,0.000687359978594053,0.556831609154769,2.75,0,1,52617.9438695914,0.0550221182966633,0,0.0550221182966633,2895.15073211985,1034,1.11392093878424,47236.6952065917,58612.2294321116
"266","CO-BLM-GU9-10",31415.927,14.2098137219525,7,0,4,1,12.5663706143592,4258833.30893206,0,1,0,0,1,1,0,0.000687359978594053,0.556831609154769,1.75,0,1,35524.5348296792,0.0580920792562319,0,0.0580920792562319,2063.69409286649,1034,1.12063536984926,31700.3512341912,39810.0502275804
"267","CO-BLM-GU9-11",31415.927,18.2163442873012,9,0,4,1,12.5663706143592,7681880.24745936,0,1,0,0,1,1,0,0.000687359978594053,0.556831609154769,2.25,0,1,45540.8613910203,0.0608600809168295,0,0.0608600809168295,2771.62050927961,1034,1.1267225199537,40418.8791690182,51311.9141073525
"268","CO-BLM-GU9-12",31415.927,8.64427680210354,4,0,4,1,12.5663706143592,2022604.77479441,0,1,0,0,1,1,0,0.000687359978594053,0.556831609154769,1,0,1,21610.6923245099,0.0658092337050561,0,0.0658092337050561,1422.18310171173,1034,1.13768488694659,18995.3233733379,24586.1580540477
"269","CO-BLM-GU9-13",31415.927,18.2163442873012,9,0,4,1,12.5663706143592,7681880.24745936,0,1,0,0,1,1,0,0.000687359978594053,0.556831609154769,2.25,0,1,45540.8613910203,0.0608600809168295,0,0.0608600809168295,2771.62050927961,1034,1.1267225199537,40418.8791690182,51311.9141073525
"270","CO-BLM-GU9-14",31415.927,15.9692661087717,8,0,4,1,12.5663706143592,5510634.87499656,0,1,0,0,1,1,0,0.000687359978594053,0.556831609154769,2,0,1,39923.1658617072,0.0587997994953187,0,0.0587997994953187,2347.47414788674,1034,1.12218873251377,35576.1599675634,44801.3268962863
"271","CO-BLM-GU9-15",31415.927,15.9692661087717,8,0,4,1,12.5663706143592,5510634.87499656,0,1,0,0,1,1,0,0.000687359978594053,0.556831609154769,2,0,1,39923.1658617072,0.0587997994953187,0,0.0587997994953187,2347.47414788674,1034,1.12218873251377,35576.1599675634,44801.3268962863
"272","CO-BLM-GU9-16",31415.927,14.5538496339671,7,0,4,1,12.5663706143592,5291847.92428409,0,1,0,0,1,1,0,0.000687359978594053,0.556831609154769,1.75,0,1,36384.6246224216,0.063224554642681,0,0.063224554642681,2300.40168759373,1034,1.13194722545801,32143.3930876942,41185.4748906814
"273","CO-BLM-GU9-2",31415.927,12.6508073674522,6,0,4,1,12.5663706143592,4887469.08620573,0,1,0,0,1,1,0,0.000687359978594053,0.556831609154769,1.5,0,1,31627.018885851,0.0699010587521239,0,0.0699010587521239,2210.7621052944,1034,1.1468247132963,27577.9014169881,36270.6468661827
"274","CO-BLM-GU9-3",31415.927,11.962735543423,6,0,4,1,12.5663706143592,2826380.66752799,0,1,0,0,1,1,0,0.000687359978594053,0.556831609154769,1.5,0,1,29906.8393003661,0.0562140414826093,0,0.0562140414826093,1681.18430504451,1034,1.11652325587356,26785.6841700688,33391.6815885322
"275","CO-BLM-GU9-4",31415.927,11.8191456637272,6,0,4,1,12.5663706143592,3344877.0267856,0,1,0,0,1,1,0,0.000687359978594053,0.556831609154769,1.5,0,1,29547.8645958235,0.0618961986493774,0,0.0618961986493774,1828.900496688,1034,1.12900916352583,26171.5011271894,33359.8098913052
"276","CO-BLM-GU9-5",31415.927,15.4816403170612,8,0,4,1,12.5663706143592,5376743.99515345,0,1,0,0,1,1,0,0.000687359978594053,0.556831609154769,2,0,1,38704.1013644221,0.0599104650746062,0,0.0599104650746062,2318.78071303723,1034,1.12463065924486,34414.9441830177,43527.8190329498
"277","CO-BLM-GU9-6",31415.927,11.8191456637272,6,0,4,1,12.5663706143592,3344877.0267856,0,1,0,0,1,1,0,0.000687359978594053,0.556831609154769,1.5,0,1,29547.8645958235,0.0618961986493774,0,0.0618961986493774,1828.900496688,1034,1.12900916352583,26171.5011271894,33359.8098913052
"278","CO-BLM-GU9-7",31415.927,13.7221879302421,7,0,4,1,12.5663706143592,3719793.86876467,0,1,0,0,1,1,0,0.000687359978594053,0.556831609154769,1.75,0,1,34305.4703323941,0.0562206754706301,0,0.0562206754706301,1928.67671442486,1034,1.11653775608493,30724.8636648743,38303.3528663694
"279","CO-BLM-GU9-8",31415.927,12.8905262265171,7,0,4,1,12.5663706143592,2564952.12949783,0,1,0,0,1,1,0,0.000687359978594053,0.556831609154769,1.75,0,1,32226.3160423666,0.0496968623619623,0,0.0496968623619623,1601.54679279059,1034,1.10236522707263,29233.7922595262,35525.1702017577
"280","CO-BLM-GU9-9",31415.927,16.4568919004821,8,0,4,1,12.5663706143592,6071690.31860205,0,1,0,0,1,1,0,0.000687359978594053,0.556831609154769,2,0,1,41142.2303589923,0.0598917461000592,0,0.0598917461000592,2464.08001465092,1034,1.12458946142431,36584.2218607359,46268.1186812139
"281","Total",8796459.56,1864.11831321072,1038,0,874,280,2745.75197923748,66398170416.151,0,NA,0,0,1,1,0,0.000687359978594053,0.556831609154769,1.18764302059497,0,NA,5702878.73470987,0.0451839213870276,0,0.0451839213870276,257678.424428882,1034,1.0926625660397,5219249.66769903,6231322.11208132
