Plot_ID,longitude,latitude,bc_sqrt_7,type,cover,richness,RdNBR,percentBALoss_BB,AmpVI_phenology,Greenup_phenology,Length_phenology,MaxVI_phenology,Peak_phenology,Senesce_phenology,VISD_phenology,B1_Recov,B2_Recov,B3_Recov,B4_Recov,B5_Recov,B7_Recov,EVI_Recov,NBR_Recov,NDMI_Recov,NDVI_Recov,RGI_Recov,TCA_Recov,TCB_Recov,TCG_Recov,TCW_Recov,WinterNDVI_Recov
F_12_8775,-106.9689346,37.54185092,1,Burned,81.3,30,268,45,2135,149,86,4157,195,235,3752,-177,-206,-222,547,-396,-7,28,103,17,-31,-7,0,-685,243,-80,-7
F_13_2939,-107.0395414,37.68052773,2,Burned,131.8,31,190,27,2300,139,154,4511,196,293,3897,81,43,62,241,50,146,-353,107,61,61,39,440,-23,268,124,-242
F_13_4275,-107.0578342,37.64451358,3,Burned,78.8,16,7,78,927,134,111,3305,191,245,3088,45,24,33,-32,162,158,-153,85,57,20,18,230,145,27,185,424
F_13_4399,-106.8005785,37.65800468,2,Burned,24.5,13,1728,37,494,136,143,1864,221,279,1716,138,22,-100,434,-268,305,-881,182,61,75,-60,613,-202,363,79,-3
F_13_6435,-106.8199497,37.61240251,2,Burned,24.1,19,1175,62,643,131,148,1883,202,279,1739,-240,-333,-328,831,-198,373,235,289,184,72,36,625,-839,438,403,3
F_13_7873,-106.7924378,37.56876216,2,Burned,26.9,11,942,73,713,146,99,1869,179,245,1674,-72,-122,-144,470,-338,-232,-163,82,66,63,-2,341,-572,222,-220,29
F_14_10341,-106.8193684,37.45718136,1,Burned,110.7,26,141,59,1571,152,84,4169,203,236,3973,-36,-24,-132,-276,-513,-384,-655,-155,-160,-95,-92,-588,-334,-431,-537,-11
F_14_1346,-107.0856272,37.71588594,4,Burned,64.9,15,-13,65,703,137,217,2434,185,354,2288,-109,-109,-39,487,-107,107,462,148,93,68,49,423,-378,334,107,16
F_14_2018,-107.0665117,37.70076735,2,Burned,37.5,20,620,52,457,146,118,1972,199,264,1827,-92,-158,-198,820,-277,639,69,334,163,103,-7,836,-492,585,428,7
F_14_3222,-107.0650227,37.66589939,5,Burned,9.2,19,1383,69,924,124,156,1814,192,280,1519,-69,-167,-142,505,-148,224,-7,232,135,82,27,563,-438,299,205,28
F_14_3234,-107.0701319,37.66372805,2,Burned,40.4,32,356,50,651,116,164,1389,182,280,1228,-1,18,33,69,86,143,174,50,25,12,7,116,79,50,133,-5
F_14_3573,-106.7954287,37.67104286,6,Burned,24.3,17,757,46,500,140,115,1393,207,255,1162,101,-34,-116,483,22,403,-460,272,161,93,-38,748,-234,391,396,1
F_14_4120,-107.0860506,37.64923571,4,Burned,9.3,9,353,58,726,137,139,2247,193,276,2091,-43,-91,-107,343,-149,-39,-245,102,65,20,-2,255,-348,187,-14,-50
F_14_4273,-107.0470095,37.64488221,4,Burned,44.6,21,560,95,720,140,148,2121,197,288,1840,-218,-307,-344,771,-833,-538,-699,81,48,9,0,175,-1189,240,-596,-14
F_14_4283,-107.0550083,37.64355351,3,Burned,61.9,7,25,75,683,130,120,3376,171,250,3185,14,-41,-13,279,-2,57,-377,87,65,26,23,267,-170,213,89,182
F_14_4354,-107.0421959,37.64334351,2,Burned,38.2,22,757,73,571,133,138,2057,194,271,1719,-101,-171,-258,679,-555,-22,-893,181,76,39,-37,462,-804,341,-409,6
F_14_4682,-106.8046514,37.64783965,2,Burned,33.9,12,2529,40,481,158,77,1874,211,235,1833,-5,-146,-252,713,-592,-42,-813,189,95,80,-34,588,-805,392,-206,0
F_14_5080,-107.0458213,37.63792756,6,Burned,32,19,595,56,970,134,87,2743,177,221,2532,-207,-252,-332,794,-760,-48,-161,188,58,-2,-28,298,-1028,343,-288,11
F_14_6810,-106.8144142,37.59440001,3,Burned,174.8,17,7,46,1170,143,109,3411,195,252,3056,41,4,40,300,50,122,-4,126,93,59,45,430,-174,284,153,38
F_14_7447,-106.9288213,37.58128389,2,Burned,22.8,20,501,67,422,161,114,2071,202,275,1997,-168,-322,-379,824,-732,-255,-4,168,87,46,7,389,-1146,333,-340,-14
F_14_8494,-106.9697126,37.5443163,6,Burned,45.6,22,-6,78,1067,157,109,3514,198,266,2870,-192,-236,-301,439,-577,-68,-252,76,-6,-53,-35,-114,-661,97,-218,16
F_14_9251,-106.9505,37.51457945,4,Burned,104.4,25,10,61,1110,135,152,2542,179,287,2243,-115,-182,-171,457,-434,-295,-140,-4,-3,-12,11,-50,-665,171,-317,-156
F_14_9273,-106.9486757,37.5131676,4,Burned,53.6,25,58,39,462,131,149,1936,185,280,1821,48,36,14,-77,-132,-12,-120,-60,-79,-4,-20,-103,24,-45,-164,-49
F_21_3639,-106.7931001,37.67039337,2,Burned,75.2,10,1109,35,839,144,135,2259,210,279,2104,6,-169,-236,1084,-443,422,-1105,421,222,184,-26,1332,-902,749,148,2
F_21_3657,-106.7984999,37.66722893,2,Burned,34.6,13,1584,38,1011,139,129,2392,212,268,1917,62,-71,-107,950,-679,367,-1517,420,151,242,-7,1485,-784,830,12,6
F_21_5839,-106.8324739,37.61724652,2,Burned,20,18,1200,57,596,157,88,2371,212,245,2384,-101,-269,-271,1071,-518,341,-49,428,250,163,28,1212,-971,679,177,3
F_21_6671,-106.8144235,37.6008437,2,Burned,34.6,22,1018,37,801,145,105,2243,199,250,2133,-212,-324,-338,1025,-345,423,151,401,240,102,22,939,-977,581,372,1
F_22_10708,-106.8290095,37.44222489,3,Burned,74,25,294,59,707,142,127,2803,185,269,2651,-65,-149,-116,693,-431,-239,-682,125,112,73,27,502,-739,387,-254,-172
F_22_2164,-107.087597,37.68865334,2,Burned,19.4,12,1057,84,704,149,132,1934,200,281,1806,-157,-243,-315,788,-528,249,-127,297,158,53,-8,692,-867,410,64,2
F_22_3563,-106.7932544,37.67256298,2,Burned,71.3,13,1022,31,966,148,121,2224,194,269,1936,87,-90,-116,872,-232,547,-6663,436,231,179,2,1312,-531,702,502,-1
F_22_3651,-106.7978044,37.66847422,2,Burned,59.6,16,1217,13,1005,138,127,2433,223,265,2153,84,-120,-192,1069,-468,446,-2158,444,226,191,-30,1380,-812,798,168,0
F_22_4199,-107.1078041,37.64614531,2,Burned,14,20,659,93,619,154,107,1952,189,261,1585,-83,-154,-134,728,-183,476,211,360,218,146,24,984,-484,532,433,4
F_22_4205,-107.1236048,37.64261755,2,Burned,23.2,26,776,76,607,132,155,1976,195,287,1792,-149,-333,-397,1164,-355,240,86,347,230,117,1,892,-1108,646,282,-5
F_22_4384,-106.796844,37.66108977,2,Burned,43.8,11,1303,37,915,136,133,2380,207,269,2082,116,51,11,749,-353,474,-1181,394,150,271,-18,1519,-465,808,143,1
F_22_4388,-106.8006259,37.66090591,2,Burned,38.1,11,1432,26,963,147,104,2375,224,251,2025,158,24,-4,719,-436,237,-5294,303,149,194,-24,1160,-360,627,-19,3
F_22_6432,-106.830632,37.6137513,2,Burned,68.3,13,1214,28,721,149,108,2219,192,257,2071,-251,-363,-405,1037,-417,380,160,353,226,84,21,763,-1092,534,314,16
F_22_6515,-106.8260503,37.60800035,2,Burned,43.3,16,1292,62,609,144,136,1813,200,280,1758,-330,-412,-417,1196,-386,542,430,443,272,134,36,1058,-1194,683,450,19
F_22_7443,-106.9269572,37.58189113,2,Burned,63.4,27,783,74,390,164,179,2220,201,343,2129,-219,-360,-447,998,-553,-30,-73,253,160,50,-8,542,-1188,433,-90,0
F_22_7444,-106.9227204,37.58359146,5,Burned,27.5,17,1081,69,489,152,110,2273,214,262,1896,-282,-488,-596,1250,-765,111,-81,339,211,44,3,697,-1521,513,27,16
F_22_7445,-106.9209972,37.58219559,6,Burned,61.7,28,782,49,1243,153,101,3328,193,254,2898,-109,-265,-284,927,-284,215,-253,325,202,62,8,781,-900,535,229,0
F_22_9346,-106.944691,37.50697877,5,Burned,100,21,65,68,2500,131,166,3787,201,297,2544,-44,-72,-134,542,-504,-243,-1058,20,-3,10,-49,155,-637,302,-349,9
F_23_10485,-106.826896,37.44873761,1,Burned,43.1,23,229,53,1197,148,105,3210,204,253,2863,0,-80,-94,441,-301,-141,-836,56,37,31,-14,278,-467,258,-161,-89
F_23_1344,-107.0826482,37.7164523,2,Burned,38.1,18,322,74,1093,122,164,2213,186,286,1936,-146,-198,-161,657,-399,48,-19,226,118,74,23,582,-684,374,-45,-17
F_23_2156,-107.0743795,37.69250044,2,Burned,46.1,10,969,55,527,141,127,1677,198,268,1556,-115,-212,-243,662,-143,415,86,286,171,74,7,650,-575,386,391,9
F_23_2162,-107.0842181,37.69029021,2,Burned,36.3,14,849,37,559,145,117,1986,210,262,1804,-170,-255,-328,898,-468,425,-71,346,193,85,-10,852,-869,517,264,-1
F_23_2241,-107.083356,37.68663762,2,Burned,40.6,16,911,82,598,157,125,1864,198,282,1727,-163,-238,-287,715,-371,316,107,263,142,51,7,579,-747,377,228,-2
F_23_3312,-107.0343487,37.66477445,2,Burned,69,19,0,78,1103,132,150,3020,183,282,2673,0,27,18,-38,-19,65,250,21,-18,8,-6,28,66,-5,3,-127
F_23_3658,-106.7980926,37.6663249,2,Burned,45.9,10,1193,32,716,148,112,2216,222,260,2038,182,28,-63,756,-513,473,-1601,321,102,171,-62,1168,-467,672,76,0
F_23_4213,-107.1280458,37.64296105,2,Burned,35.6,23,496,85,1018,107,183,2502,187,290,2095,-113,-191,-211,895,-401,24,120,217,136,97,23,672,-830,556,-20,5
F_23_4269,-107.053355,37.64483498,3,Burned,37.7,16,-54,76,1180,137,120,3227,184,257,2753,16,-38,-35,357,-54,28,-1071,104,73,18,4,300,-255,257,57,87
F_23_4385,-106.8045637,37.66013375,2,Burned,28.6,8,2987,33,572,151,101,1920,208,252,1724,178,48,-48,636,-291,404,-837,248,114,165,-52,1063,-354,572,95,-8
F_23_4499,-106.8020417,37.65616185,2,Burned,30.7,11,1617,53,794,150,133,2208,201,283,2034,191,103,-49,500,-273,327,-501,223,93,108,-73,740,-251,473,57,-2
F_23_4597,-106.80215,37.65126652,2,Burned,66.7,10,1124,34,548,163,87,2249,210,250,2077,74,-60,-163,944,-497,284,-298,325,162,165,-41,1055,-714,695,87,8
F_23_4683,-106.8021204,37.6476981,2,Burned,68.4,12,1312,48,432,155,89,2118,218,244,2081,87,-35,-93,644,-356,334,-1431,228,108,155,-16,871,-481,586,96,-4
F_23_6514,-106.8294977,37.60768559,2,Burned,36.9,17,1074,67,838,139,122,2214,196,261,1884,-246,-350,-334,1173,-282,533,460,466,306,165,40,1201,-1018,705,503,12
F_23_6594,-106.8291476,37.60587954,2,Burned,45.4,17,579,12,574,147,105,2018,198,252,1739,-183,-255,-287,683,-510,-53,77,162,71,24,10,306,-848,293,-95,9
F_23_711,-107.226474,37.73814504,2,Burned,32.1,13,1195,62,1081,126,150,2118,188,276,1685,-42,-213,-241,847,7,838,-351,445,295,132,2,1198,-524,608,769,32
F_23_723,-107.2447737,37.73539171,2,Burned,20.7,17,1438,67,922,124,147,2104,205,271,1725,-161,-232,-211,763,-286,130,228,292,185,80,47,715,-730,439,87,13
F_23_9243,-106.9587373,37.51590307,5,Burned,42.1,25,247,75,1404,124,187,2997,186,311,2553,-88,-173,-94,898,17,608,445,373,222,137,56,997,-691,678,594,-2
F_23_9249,-106.9536012,37.51592508,5,Burned,74.9,29,369,61,1642,131,153,2852,184,284,2378,-65,-184,-159,725,-464,-206,-1023,170,114,84,40,537,-739,404,-231,-70
F_24_4594,-106.8055063,37.65131432,2,Burned,33.9,11,1775,43,660,149,103,2134,216,252,2003,161,-8,-79,677,-359,124,-1416,209,106,135,-27,877,-488,540,-14,-5
F_24_5085,-107.0470001,37.63628495,2,Burned,24.8,14,1035,36,507,122,150,1832,180,272,1548,-370,-454,-556,1111,-1035,-333,-150,293,156,24,-11,538,-1611,370,-456,10
F_24_708,-107.2234567,37.73931946,4,Burned,51.7,16,79,37,1419,118,164,2802,197,282,2296,66,-12,-10,361,6,21,-390,101,87,65,3,465,-202,292,69,42
F_24_720,-107.2404125,37.73563693,4,Burned,45.3,12,1245,70,894,124,193,2042,220,317,1666,-240,-355,-390,1134,-147,490,103,403,281,79,26,931,-987,623,574,9
F_24_8488,-106.9724078,37.54565918,1,Burned,81.9,32,124,79,1547,156,86,4143,192,242,3610,-97,-110,-197,233,-511,-172,-304,-27,-61,-58,-40,-276,-464,14,-285,20
F_24_8604,-106.8097152,37.55282592,2,Burned,31.5,13,812,99,629,141,111,2035,187,252,1824,-249,-352,-423,810,-494,181,72,317,191,69,-14,698,-1113,469,142,14
F_31_10482,-106.8195936,37.45154505,6,Burned,69.2,22,1128,56,913,159,100,3196,193,259,3055,-218,-458,-459,1965,-841,353,-56,652,416,215,53,1846,-1800,1196,196,19
F_31_10715,-106.8329731,37.4406764,3,Burned,114.5,25,316,69,1491,147,118,3759,183,265,3363,-222,-354,-331,1116,-985,-623,-435,48,42,19,30,214,-1467,496,-684,-97
F_31_10719,-106.8309006,37.44051026,2,Burned,110.2,22,581,69,1087,133,152,2680,193,285,2419,-273,-421,-365,1278,-1109,-713,170,166,114,95,78,610,-1678,567,-782,-34
F_31_1248,-107.0819942,37.72267299,2,Burned,56.6,11,918,65,804,117,162,1829,183,279,1649,-108,-147,-133,699,-354,293,551,331,170,152,22,965,-596,476,142,-14
F_31_1343,-107.0845135,37.71703212,2,Burned,33.6,15,1188,68,747,123,153,1677,191,276,1540,-200,-243,-222,866,-333,398,596,420,250,146,49,1097,-782,526,278,9
F_31_1353,-107.0761563,37.71594503,2,Burned,43.4,17,1154,76,812,113,161,1762,196,274,1601,-112,-97,-90,802,-347,445,543,406,216,195,18,1203,-620,578,225,7
F_31_1404,-107.0793073,37.71097802,2,Burned,19.2,9,1143,60,790,135,131,1891,180,266,1572,-198,-244,-201,899,-143,647,-132,607,342,218,50,1556,-659,617,535,40
F_31_2171,-107.0717206,37.68946514,4,Burned,67.1,13,960,65,699,138,118,2054,189,256,1768,-150,-252,-277,937,-215,470,142,375,244,123,13,984,-782,578,431,13
F_31_3025,-107.0406169,37.67715668,2,Burned,34.2,14,728,70,1115,133,139,2220,180,272,1919,-16,-57,-35,680,-257,414,-116,366,190,182,12,1156,-489,553,233,-10
F_31_3026,-107.0420101,37.67586188,4,Burned,32.2,9,733,91,959,127,156,1945,187,283,1579,-65,-130,-142,629,-199,663,-289,382,206,120,-2,972,-381,470,545,3
F_31_3710,-106.7955743,37.6657955,2,Burned,45.3,14,1152,19,1259,143,109,2640,211,252,2204,224,119,22,691,-393,478,-645,339,157,212,-60,1336,-351,754,102,0
F_31_6750,-106.8095426,37.59808878,2,Burned,43.3,19,1031,28,386,147,127,1832,203,274,1837,-274,-439,-631,1204,-1577,-1227,1101,14,21,56,-63,390,-2091,281,-1331,10
F_31_8807,-106.9644117,37.53597821,2,Burned,32.9,21,168,51,1526,149,104,4159,206,253,3590,-148,-215,-159,927,-236,187,300,253,155,71,39,636,-768,601,222,0
F_31_9272,-106.9536347,37.51200418,5,Burned,57.7,28,39,71,2141,134,158,3508,181,292,2898,-208,-309,-322,1045,-774,-447,-1098,73,33,-21,-28,62,-1278,494,-472,-64
F_32_1237,-107.0876456,37.72474486,4,Burned,100,16,343,54,1641,133,139,2777,218,272,2429,-127,-230,-180,877,-493,-48,80,243,134,78,46,644,-895,518,-143,-26
F_32_1347,-107.0856659,37.66221965,2,Burned,19.8,12,770,70,1173,136,155,2284,200,291,1867,-86,-209,-284,729,-184,356,-409,352,220,80,-18,832,-654,416,346,11
F_32_1387,-107.0803728,37.71378893,2,Burned,46.6,14,831,69,879,124,155,2089,192,279,1883,-178,-238,-214,891,-224,658,385,451,263,155,35,1215,-684,600,511,22
F_32_1937,-107.0729939,37.70545684,5,Burned,7.7,13,1081,83,765,134,141,1969,180,275,1735,-186,-286,-277,1118,-110,709,341,420,268,144,26,1065,-825,740,687,18
F_32_3109,-107.046813,37.67363375,2,Burned,31,15,359,73,919,159,111,2243,210,270,1948,-32,-41,-20,623,-97,402,749,379,204,199,19,1184,-328,527,292,-48
F_32_3360,-106.7903029,37.68090813,2,Burned,78.1,19,382,34,1766,135,124,2928,204,259,2305,82,19,125,573,15,289,772,315,202,245,107,1314,-166,575,231,-226
F_32_3646,-106.7958455,37.66810753,2,Burned,57.5,27,1025,58,1529,137,129,2722,207,266,2160,108,7,67,769,-16,615,-142,398,233,252,32,1437,-231,755,456,-2
F_32_4098,-107.0748163,37.65241686,2,Burned,56.8,25,144,63,1327,136,118,2566,205,254,2188,-99,-143,-138,488,-460,-250,-453,81,42,36,10,262,-637,226,-314,34
F_32_4187,-107.0464045,37.64802888,2,Burned,16.7,9,1052,34,694,149,113,1976,190,262,1743,-171,-214,-205,833,-246,454,463,373,226,134,30,992,-687,546,359,1
F_32_4212,-107.1177633,37.64244323,4,Burned,36.6,17,669,76,836,126,160,2107,191,286,1907,-116,-230,-208,946,-76,448,285,373,246,137,38,985,-699,629,487,11
F_32_4215,-107.1279694,37.64226851,2,Burned,34.7,23,538,66,1078,147,121,2733,199,268,2437,-138,-204,-208,1007,-515,-6,431,282,166,124,28,865,-959,629,-90,14
F_32_5079,-107.0507957,37.63666961,2,Burned,24.6,12,987,70,642,142,108,2236,203,250,1826,-290,-353,-406,1017,-510,283,194,374,213,71,14,801,-1109,499,195,8
F_32_6660,-106.8176898,37.60240663,2,Burned,67.5,24,871,80,787,144,108,2309,202,252,2227,-200,-293,-277,943,-615,13,238,305,165,93,50,753,-1050,502,-107,-1
F_32_7437,-106.9326113,37.58158237,2,Burned,83.4,25,784,77,987,139,126,2930,210,265,2613,-67,-215,-234,993,-473,107,88,266,162,113,15,787,-926,616,20,21
F_32_8552,-106.818919,37.55518088,2,Burned,52.5,15,362,63,796,142,128,2179,199,270,1957,-267,-338,-332,909,-601,-89,-30,267,148,40,28,526,-1036,405,-157,11
F_32_9348,-106.9437736,37.5069398,5,Burned,82.3,20,-12,75,2186,126,179,3493,201,305,2698,-136,-202,-277,712,-662,-361,-1609,48,21,-26,-63,60,-963,294,-411,10
F_32_9673,-106.9320574,37.49173001,5,Burned,76.2,35,197,61,1614,126,162,3458,199,288,3078,-102,-160,-149,982,-551,-236,-237,137,88,75,0,529,-896,576,-253,-108
F_33_1354,-107.0824309,37.71477092,5,Burned,21.8,19,830,66,1117,126,189,2291,187,315,1993,-169,-277,-285,1071,-70,755,371,468,299,140,30,1179,-776,720,735,33
F_33_1388,-107.0662136,37.71372262,4,Burned,32.6,14,956,69,989,133,144,1898,177,277,1650,-79,-176,-167,843,-79,574,286,424,266,165,25,1179,-554,618,538,11
F_33_1875,-107.0783205,37.70854421,4,Burned,50.8,11,1293,59,805,137,132,1974,179,269,1774,-106,-174,-149,813,-117,739,503,383,225,159,28,1082,-550,622,585,20
F_33_1890,-107.0700078,37.70657272,4,Burned,47,16,707,62,1152,132,142,2261,187,274,1867,14,-108,-46,947,83,727,432,437,284,213,41,1292,-406,765,708,0
F_33_2093,-107.0760014,37.69657228,2,Burned,45.5,19,674,42,738,133,121,1944,204,254,1715,-95,-157,-150,742,-192,571,305,343,185,123,25,913,-523,537,417,2
F_33_3456,-106.7887357,37.67939082,2,Burned,42.5,17,1083,25,578,145,119,1866,197,264,1780,-28,-160,-216,870,-367,319,-322,319,172,127,-22,921,-732,572,184,-2
F_33_3959,-107.0774325,37.65966144,5,Burned,21.5,15,536,63,882,134,149,1966,186,283,1456,-91,-199,-156,642,-333,-94,-1591,281,191,132,71,853,-684,347,-90,-69
F_33_4094,-107.0840029,37.65261534,3,Burned,137.2,28,-137,66,1637,113,137,2651,190,250,2287,-14,-27,-7,360,-29,65,-996,178,146,101,28,707,-221,294,84,74
F_33_4097,-107.0817639,37.650771399999996,3,Burned,174.1,28,-184,76,1316,139,174,3203,196,313,2758,26,24,14,61,67,95,-546,76,51,31,-10,273,-30,81,103,-58
F_33_4106,-107.0791806,37.65202457,2,Burned,53.4,22,202,81,1276,148,158,2766,215,306,2318,-30,-81,-89,523,-222,110,-483,211,109,74,-1,619,-442,361,44,-11
F_33_4204,-107.1147574,37.64475014,4,Burned,44.1,20,668,71,1039,124,174,2023,195,298,1735,-84,-145,-130,589,-20,290,218,257,178,94,24,683,-423,390,341,20
F_33_4503,-106.7992617,37.65698837,2,Burned,68.5,16,1228,12,926,153,108,2623,204,261,2152,145,-9,-132,832,-277,446,-689,307,165,136,-58,1025,-509,680,258,0
F_33_6670,-106.8204219,37.60110278,2,Burned,48.2,12,1123,54,645,147,126,2058,200,273,1780,-300,-410,-451,1197,-675,258,31,447,272,147,18,1092,-1314,604,120,0
F_33_9339,-106.945145,37.50921535,4,Burned,53.3,20,203,74,2172,128,155,3325,221,283,3006,49,33,69,-122,75,253,74,85,19,2,8,98,80,-8,236,-89
F_34_2103,-107.0782463,37.69208087,2,Burned,7,14,621,7,796,141,125,2356,201,266,2107,-104,-157,-209,577,-249,343,-3,259,126,48,-5,571,-526,348,228,4
F_34_4381,-107.1018653,37.63890662,2,Burned,33.4,27,454,61,1338,134,137,2686,185,271,2257,-11,-159,-105,978,-402,-139,327,269,183,197,42,1075,-822,672,-173,21
F_34_722,-107.2342754,37.73606888,2,Burned,22.3,13,943,54,1064,136,132,2202,192,268,1861,-187,-275,-280,1015,-804,-326,256,264,168,103,41,752,-1228,514,-436,21
F_34_8850,-106.9610441,37.53141092,3,Burned,76.6,29,-182,74,2059,152,106,5178,189,258,4381,-119,-156,-176,431,-417,-160,-277,9,-27,-38,-39,-158,-604,170,-222,-24
F_41_1233,-107.0834672,37.72544062,4,Burned,70.7,17,1215,41,1168,138,137,2384,186,275,2057,-56,-144,-99,982,-217,704,394,499,285,246,37,1538,-593,784,475,28
F_41_1394,-107.0752865,37.71241869,2,Burned,45.4,17,1095,66,993,133,158,2141,185,291,1857,-143,-218,-153,1002,-233,704,769,478,281,210,45,1389,-672,747,515,26
F_41_1428,-107.0682095,37.71043433,4,Burned,18.2,11,1098,56,929,126,145,1954,190,271,1744,-66,-175,-155,819,-181,751,-514,506,276,165,43,1370,-522,621,564,27
F_41_1823,-107.0779183,37.70998418,4,Burned,23.5,15,1240,67,1290,135,135,2324,184,270,1920,-111,-160,-126,1037,-304,725,38,490,284,255,35,1546,-711,804,475,30
F_41_2238,-107.0740199,37.68610834,4,Burned,104.1,8,376,85,1774,147,122,3478,195,269,3048,-94,-144,-125,1241,104,992,885,547,346,245,75,1672,-556,1049,921,35
F_41_2956,-107.0384688,37.67945584,2,Burned,29.8,22,706,20,2164,127,164,3134,204,291,2449,-43,-105,-27,1017,-205,461,992,541,330,279,118,1777,-563,835,395,-28
F_41_3031,-107.0379374,37.67743734,2,Burned,58,21,469,57,2549,135,165,3906,200,300,3368,-15,-132,-92,1473,-113,523,-1377,569,373,228,53,1855,-861,1149,531,32
F_41_3048,-107.051991,37.67392224,2,Burned,9.7,15,564,73,2395,179,93,3716,207,272,2961,-7,-57,-94,1144,-106,767,-228,617,370,260,-10,1959,-514,953,621,9
F_41_3123,-107.0543784,37.67045613,4,Burned,26.9,9,825,72,979,134,145,2286,173,279,1951,-49,-157,-152,806,-59,604,209,485,297,179,25,1325,-501,601,553,36
F_41_3219,-107.0605724,37.66731102,2,Burned,107.3,21,216,79,1749,122,176,2809,196,298,2353,-93,-180,-138,1043,-259,299,-395,418,269,165,43,1287,-780,737,254,25
F_41_3233,-107.0563365,37.6658169,2,Burned,51.9,22,794,65,1365,140,137,2614,195,277,2096,-57,-166,-157,1031,-139,577,174,581,360,243,30,1719,-672,770,504,6
F_41_3333,-107.0597274,37.66299105,4,Burned,34,17,787,72,739,123,151,1682,194,274,1440,-117,-193,-225,732,-310,306,-287,388,215,114,-3,973,-709,439,204,8
F_41_4278,-107.0863699,37.6440392,2,Burned,56.9,14,178,59,1204,143,99,2596,203,242,2324,-124,-206,-165,1019,-226,116,212,440,274,201,55,1377,-881,665,71,2
F_41_5154,-107.0469471,37.63311365,2,Burned,43.9,14,1087,50,672,147,116,2066,190,263,1722,-253,-306,-302,970,-196,551,245,447,275,93,39,1000,-839,571,446,5
F_41_6749,-106.8080149,37.59674232,2,Burned,49.5,24,901,8,647,142,132,2166,201,274,1900,-311,-405,-481,1061,-1199,-846,1091,40,13,36,-29,291,-1679,312,-960,0
F_41_6756,-106.8164066,37.59668553,2,Burned,65.8,29,901,6,1272,144,101,3154,191,245,2707,-137,-208,-208,862,-446,381,-27,359,194,104,3,895,-716,505,206,2
F_41_6824,-106.8086226,37.59190238,2,Burned,116.6,20,1076,28,751,149,94,2384,183,243,2226,-199,-210,-217,862,-607,-164,10,215,127,105,20,690,-918,480,-266,-14
F_41_709,-107.2291963,37.74491532,2,Burned,67.1,13,-1,63,2634,120,155,4580,235,275,3725,-134,-250,-236,568,-467,-264,-574,8,-23,-59,-67,-386,-793,120,-259,-4
F_41_7493,-106.8030442,37.58836478,2,Burned,95.6,19,759,66,1585,141,126,3179,188,267,2632,314,195,239,871,-125,443,885,324,215,279,21,1508,-56,956,264,24
F_41_7563,-106.8056437,37.58486427,2,Burned,96.1,19,561,42,1263,138,132,3197,189,270,2762,-174,-221,-196,632,-222,189,111,203,106,9,14,291,-653,429,182,7
F_41_7570,-106.8017922,37.58529265,2,Burned,61,25,620,76,1073,144,110,3236,192,254,2940,-225,-438,-447,1678,-1097,-520,2957,341,234,124,-13,1090,-1898,772,-556,19
F_41_7797,-106.7977784,37.57520591,2,Burned,46.9,13,1147,76,790,143,125,2112,181,268,1894,-170,-212,-215,686,-459,-70,200,192,111,64,15,484,-802,339,-144,11
F_41_9284,-106.9474849,37.51044751,5,Burned,45,26,301,69,2153,134,164,3738,195,298,3366,-60,-215,-151,1111,-747,-332,-536,141,81,109,52,634,-1116,683,-443,-49
F_41_9340,-106.9427875,37.50817269,5,Burned,19.6,16,665,73,1699,139,164,3120,196,303,2628,90,-91,33,1149,-115,385,-704,468,317,318,76,1780,-617,996,349,2
F_41_9666,-106.9308429,37.49200222,5,Burned,44.8,24,373,66,2341,121,157,3514,194,278,2926,-66,-140,-76,1079,-452,-106,-1467,295,202,191,64,1223,-899,751,-146,141
F_42_1395,-107.0719699,37.71267531,2,Burned,52.3,18,755,51,1031,124,176,2262,202,300,1960,-48,-122,-55,959,-73,856,659,504,289,238,49,1539,-487,816,669,36
F_42_1892,-107.0770634,37.70658377,4,Burned,63.7,12,1100,50,939,138,156,2151,183,294,1840,-75,-136,-60,948,13,1050,888,508,307,237,61,1528,-424,824,878,32
F_42_1951,-107.079505,37.7030351,4,Burned,46.5,11,1142,67,560,138,132,1651,206,270,1441,-81,-167,-201,792,-249,646,19,408,228,141,-11,1122,-578,564,448,3
F_42_2840,-107.0725977,37.68512402,4,Burned,99.5,9,782,66,984,143,130,2708,193,273,2478,-178,-203,-168,1072,-79,792,627,464,293,188,53,1333,-664,802,692,20
F_42_3029,-107.0471884,37.67697967,4,Burned,112,21,866,68,1240,127,193,2670,190,320,2082,22,-125,-70,991,90,973,214,485,296,217,23,1472,-392,867,855,27
F_42_3132,-107.0419925,37.67025675,2,Burned,11.5,11,659,71,1179,137,182,2458,189,319,2083,-63,-84,10,777,79,668,819,347,213,180,60,1070,-310,684,601,57
F_42_3136,-107.0509498,37.66946143,2,Burned,15.1,13,833,60,746,150,107,1979,187,257,1685,-58,-133,-176,909,-369,226,-152,404,252,194,5,1316,-621,626,110,1
F_42_4102,-107.0846248,37.65134268,2,Burned,51.3,24,42,67,1110,129,114,2321,206,243,1964,-22,-70,-83,315,-240,-163,-1173,76,50,26,-14,271,-367,167,-148,30
F_42_4115,-107.0765597,37.64989888,2,Burned,41.7,21,306,62,1333,132,110,2392,189,242,1992,-39,-96,-45,790,-357,-120,-276,242,174,197,73,1114,-622,501,-169,-54
F_42_4284,-107.0873048,37.6426168,2,Burned,44.1,21,416,61,739,149,138,1950,205,287,1762,-164,-266,-244,879,-528,-128,193,314,196,133,58,865,-979,456,-162,25
F_42_4363,-107.0432077,37.64221751,2,Burned,101.4,30,627,82,1520,142,125,3371,184,267,2652,-74,-152,-178,1012,-312,418,-419,376,197,132,-4,1067,-757,729,282,17
F_42_6803,-106.811573,37.59493934,2,Burned,83.2,32,645,14,1225,150,92,3337,190,242,3159,-157,-219,-139,816,-453,-194,522,132,65,79,56,477,-849,311,-208,-18
F_42_6809,-106.8116052,37.59439811,2,Burned,76.8,29,782,16,1173,138,121,2695,192,259,2202,-196,-240,-254,566,-595,-339,11,66,34,-9,35,43,-870,174,-387,-9
F_42_7856,-106.7941113,37.56772734,2,Burned,68.3,14,819,59,783,147,104,2283,189,251,2044,-117,-151,-220,355,-534,-353,-712,-5,-40,-27,-36,-97,-696,60,-501,28
F_42_9693,-106.9301001,37.48950893,5,Burned,60,27,341,76,1347,120,181,2800,192,301,2284,-191,-264,-217,916,-612,-342,72,121,90,71,38,430,-1070,473,-351,-27
F_43_1952,-107.0728282,37.70195414,2,Burned,32.1,13,884,44,1035,142,119,2235,189,261,1997,-87,-152,-129,764,-27,841,430,426,238,149,32,1116,-406,600,692,18
F_43_1961,-107.0789989,37.70116056,4,Burned,53.1,12,967,77,961,140,118,2277,184,258,1856,-39,-160,-160,751,-70,764,13,434,251,149,23,1177,-463,605,628,14
F_43_2017,-107.0686052,37.70059545,2,Burned,33,21,755,42,1434,129,141,2813,208,270,2365,-143,-192,-131,933,-178,561,269,465,256,154,53,1241,-640,687,469,19
F_43_2107,-107.0799196,37.69270922,2,Burned,37.7,18,365,61,1173,139,124,2914,198,263,2504,-117,-179,-266,684,-387,179,-774,194,65,-35,-64,253,-723,367,78,0
F_43_664,-107.2378716,37.73905554,2,Burned,18.9,21,864,61,1373,121,145,2502,209,266,2172,-78,-191,-203,1095,-212,631,-2030,530,300,194,33,1485,-733,814,506,-3
F_43_712,-107.2462405,37.7377428,4,Burned,68.6,12,5,58,835,138,139,2082,216,277,1604,25,-14,-112,68,-263,-189,-377,-26,-28,-19,-31,-49,-206,-14,-247,11
F_43_9282,-106.9505224,37.51022614,1,Burned,99.7,27,-11,63,3511,135,143,5060,201,278,4104,6,-139,-112,1004,-614,-281,-1141,50,9,18,4,214,-940,680,-390,-82
F_44_2160,-107.0798023,37.6913505,6,Burned,45.2,30,117,66,2253,152,95,4838,197,247,4304,-156,-258,-266,852,-371,-57,-446,108,58,-45,-30,19,-906,438,-12,4
F_44_6742,-106.8143405,37.59882621,2,Burned,52,18,912,57,774,144,142,2416,189,286,2190,-150,-266,-246,1250,-456,356,-106,470,276,186,28,1340,-1060,825,225,-14
F_44_8602,-106.8025927,37.55320528,5,Burned,45.3,19,356,77,1459,132,124,3454,206,256,2789,-93,-232,-178,1395,-312,147,-130,376,246,168,61,1228,-1029,891,203,11
N_11_10036,-106.7772758,37.47142208,3,Unburned,92.3,24,0,53,486,159,101,2838,202,260,2709,-1,5,67,121,-131,-60,254,37,-6,29,24,140,-18,89,-37,10
N_11_10105,-106.8571592,37.46709287,3,Unburned,94.8,33,0,54,1734,143,113,4215,181,256,3508,10,5,-23,-50,33,21,-341,26,21,-5,-2,70,72,-32,167,71
N_12_10009,-106.8232023,37.47212811,1,Unburned,67.7,21,0,64,2849,155,90,5199,183,245,4408,-50,-75,-130,-137,-376,-312,-565,-151,-119,-95,-63,-546,-190,-274,-383,-9
N_12_7311,-107.0007131,37.58364663,1,Unburned,86.6,27,0,80,1104,157,99,3286,186,256,2899,-4,-16,-21,134,-136,-229,-60,55,31,6,-10,35,-151,82,-297,82
N_12_7372,-106.9971432,37.5805799,7,Unburned,40.3,33,0,76,1127,156,82,3650,197,238,3404,-38,18,15,-146,-240,43,-145,-30,-39,-25,5,-184,94,-28,12,30
N_12_9386,-106.8482156,37.51298937,3,Unburned,120.9,27,0,58,763,142,104,3346,189,246,3185,-25,-76,-101,279,-304,-222,-758,-51,-34,-21,-32,-119,-413,110,-264,107
N_12_9476,-106.8477868,37.50982371,7,Unburned,126.1,31,0,60,1511,156,81,4406,202,237,4082,-81,-98,-113,236,-258,-116,-376,-8,-34,-41,-33,-147,-359,67,-156,97
N_12_9877,-106.8176643,37.48204611,1,Unburned,99.5,33,0,12,948,158,93,3752,204,251,3360,-32,-14,-21,-14,-117,-131,250,-42,-31,8,7,70,-75,-25,-54,23
N_12_9944,-106.8101616,37.479043,1,Unburned,71.3,24,0,69,825,161,88,3587,221,249,3394,-17,-39,-140,88,-362,-189,-462,-26,-23,-35,-34,-157,-190,0,-191,14
N_12_9983,-106.8274854,37.47481073,1,Unburned,126.1,25,0,56,1396,157,74,4179,190,231,4039,22,69,-75,-228,-11,-126,-279,-83,-60,-57,-45,-312,54,-252,-75,22
N_12_9985,-106.842235,37.47404087,3,Unburned,69.7,32,0,31,1062,161,81,4179,195,242,3644,11,13,97,277,139,54,573,91,99,78,76,418,-163,304,239,232
N_13_10006,-106.822366,37.47354696,1,Unburned,86.9,21,0,69,1600,156,76,5252,186,232,5325,-153,-200,-263,278,-705,-538,-367,-161,-127,-91,-73,-575,-541,-67,-660,0
N_13_10010,-106.8409471,37.47224943,3,Unburned,100.3,30,0,37,881,134,107,3409,198,241,3010,-38,-59,-61,307,-250,-106,-7,26,28,13,11,121,-286,219,-53,36
N_13_10016,-106.8245855,37.47042141,3,Unburned,112.6,29,0,62,1377,159,92,3978,199,251,3675,66,38,13,-374,96,240,-434,-49,-54,33,-33,-3,198,-173,-175,64
N_13_10153,-106.8247477,37.4682559,3,Unburned,125.5,39,0,9,895,157,99,3126,190,256,2992,-25,-21,120,-34,152,81,168,22,37,50,-4,229,39,61,149,211
N_13_10165,-106.8554829,37.46514548,3,Unburned,98.6,26,0,41,1146,155,89,3796,176,244,3489,4,-13,21,172,64,85,105,61,95,62,37,423,-91,157,226,296
N_13_5495,-106.9754815,37.62172443,3,Unburned,62.3,11,0,83,1738,147,111,3877,204,258,3419,100,184,207,-189,296,331,786,111,60,100,47,522,491,66,346,379
N_13_7514,-106.9465572,37.57919922,7,Unburned,136.3,36,0,70,916,169,72,5143,208,241,4889,21,-7,-8,77,-229,-75,-194,18,-3,1,-7,35,-37,56,4,24
N_13_8188,-107.0009942,37.56453614,7,Unburned,69.4,23,0,77,1735,157,97,4512,210,254,3767,-25,-3,62,472,-126,-75,515,160,129,89,69,622,-129,476,-110,85
N_13_8230,-106.9904174,37.5584876,1,Unburned,89.9,22,0,90,1335,154,104,3742,195,258,3126,-72,-65,-188,264,-547,-319,15,25,0,10,-14,74,-338,142,-147,14
N_13_8269,-106.9932139,37.55764733,7,Unburned,89.6,39,0,59,934,166,78,3868,193,244,3654,-60,-54,-58,157,-290,-233,-143,14,5,-3,-20,-9,-209,65,-56,33
N_13_8276,-106.989295,37.55501881,7,Unburned,100.6,27,0,88,1768,162,89,4520,198,251,3983,-76,-70,-78,216,-686,-484,-508,-5,-37,-8,-33,56,-291,42,-440,2
N_13_9397,-106.848482,37.51140803,3,Unburned,166.6,33,0,71,768,156,79,3244,186,235,2796,-45,-65,-89,324,-384,-243,-705,3,-16,-35,-38,-155,-508,117,-298,263
N_13_9536,-106.8546747,37.50517346,7,Unburned,89.3,34,0,74,1430,160,92,3953,204,252,3219,113,102,68,-165,-65,65,-583,-7,-27,-8,-56,114,232,-38,-92,136
N_13_9874,-106.8398995,37.48025082,3,Unburned,130.8,27,0,36,2203,146,103,4468,195,249,3984,18,1,-24,23,-198,-99,-553,-40,-30,-17,-23,-95,-121,29,-12,-64
N_13_9886,-106.8428323,37.47902446,3,Unburned,108.7,26,0,12,1466,148,92,4308,201,240,3918,3,-24,-65,31,-176,-137,-432,-54,-43,-33,-40,-190,-205,-32,-232,168
N_13_9892,-106.8163776,37.47935313,1,Unburned,103.4,21,0,16,1116,157,97,3456,195,254,3069,11,-11,6,82,-116,33,17,6,-9,27,21,77,-62,62,-113,101
N_13_9943,-106.8018847,37.47768248,3,Unburned,59.8,15,0,41,842,154,83,3067,195,237,2703,-2,-16,-50,6,-201,-177,-642,-109,-90,-51,-38,-353,-103,-104,-156,314
N_13_9945,-106.8184643,37.47772581,1,Unburned,78,16,0,11,1936,144,103,4569,185,247,3896,26,7,-89,-444,-311,-262,-1075,-174,-167,-106,-95,-665,101,-414,-331,-54
N_13_9946,-106.812633,37.4792935,1,Unburned,122.2,21,0,42,1502,157,94,4143,194,251,3471,-8,-1,-9,165,73,1,36,-16,-14,12,6,14,-150,97,-127,37
N_13_9947,-106.8046999,37.47624256,3,Unburned,95.3,16,0,34,1341,154,82,3892,200,236,3518,10,-9,-121,-437,-247,-240,-666,-155,-186,-145,-98,-884,44,-424,-286,396
N_13_9966,-106.8076236,37.47508932,7,Unburned,102.2,23,0,57,1676,156,99,3635,198,255,3052,54,49,52,55,96,92,-345,45,39,35,18,228,67,53,108,90
N_13_9986,-106.8423538,37.47243479,3,Unburned,138.9,20,0,1,695,157,68,3901,192,225,3942,-6,-23,11,42,112,61,171,41,55,16,28,119,-2,57,113,30
N_14_10015,-106.8457504,37.47122817,3,Unburned,109.5,28,0,41,509,164,78,3643,198,242,3293,30,42,61,-16,74,-30,30,29,7,-14,-17,-58,141,56,102,83
N_14_10023,-106.7999706,37.47472852,1,Unburned,53.4,19,0,23,916,156,88,3975,196,244,3764,80,114,121,-100,143,165,137,63,27,43,2,284,234,-35,130,34
N_14_5297,-106.9611102,37.63189559,6,Unburned,80.8,32,0,58,730,154,97,2980,198,251,2769,80,154,149,-133,-41,45,274,-14,-64,44,-3,144,212,10,-75,30
N_14_8268,-106.9860063,37.55735428,1,Unburned,81.9,24,0,73,1397,158,109,3668,198,267,3138,-85,-102,-144,200,-456,-427,-471,-2,-22,-8,-19,-88,-336,58,-370,13
N_14_8882,-106.8699172,37.53525975,6,Unburned,34.4,26,0,41,497,166,81,3484,206,247,3350,-103,-45,-168,-716,-81,-398,-458,-216,-139,-162,-49,-911,163,-735,-336,3
N_14_8925,-106.7951105,37.54095423,4,Unburned,52.5,32,0,63,874,143,111,3171,172,254,2883,-1,-44,-63,5,-222,-158,-545,-53,-49,-29,-36,-275,-187,4,-192,40
N_14_9086,-106.8413082,37.52794075,4,Unburned,130,35,0,9,451,148,135,2861,185,283,2811,-46,-54,-73,-43,-176,-157,-140,-43,-26,-33,-8,-187,-160,-124,-152,-97
N_14_9830,-106.8363385,37.4821538,3,Unburned,107.9,29,0,43,1799,150,96,4316,194,246,3716,-31,-42,-102,68,-219,-223,-416,-52,-69,-44,-41,-230,-219,-61,-117,19
N_14_9967,-106.8141013,37.47547668,1,Unburned,55.4,22,0,25,1177,155,92,4154,195,247,3804,9,0,-77,-308,-78,-116,-301,-67,-66,-69,-46,-326,84,-287,-150,121
N_21_2935,-107.0359429,37.68162631,2,Unburned,95.7,22,0,48,1946,137,157,4091,190,294,3371,12,22,-14,-221,36,14,-465,-27,-32,-36,-51,-182,192,-172,-1,-479
N_21_5201,-106.9611305,37.63611292,7,Unburned,101.3,16,0,58,947,157,91,3034,213,248,2764,-11,-38,-10,427,-274,-112,-107,108,79,85,21,426,-259,280,-151,461
N_21_9829,-106.8395965,37.48265286,3,Unburned,141.3,25,0,41,2128,149,88,4846,188,237,4148,25,-31,-63,148,-185,-128,-758,-42,-31,-16,-24,-92,-177,70,-135,22
N_21_9984,-106.8472509,37.47200682,3,Unburned,132.6,24,0,67,2912,155,89,5575,175,244,4725,1,33,62,451,80,110,439,72,78,48,63,326,-236,225,171,-2
N_22_10097,-106.8542984,37.46800301,3,Unburned,86.7,30,0,30,1187,152,92,3748,186,244,3553,14,-31,-2,331,-43,-18,-369,43,66,43,16,320,-312,254,140,-217
N_22_10161,-106.8539558,37.46603465,3,Unburned,114.5,24,0,69,1101,152,85,3760,186,237,3438,22,-19,-9,361,-128,-62,-505,31,35,49,0,249,-372,282,-144,-16
N_22_10166,-106.8575881,37.46568919,3,Unburned,131.3,32,0,1,1261,141,131,3744,191,272,3433,48,-41,-1,253,130,77,-467,78,92,25,22,292,-197,179,171,200
N_22_2381,-106.9142643,37.69101877,2,Unburned,124.8,29,0,62,1989,133,142,4315,191,275,3414,-36,-5,-81,-138,1,9,-346,39,-73,-58,-21,-377,-89,-201,2,24
N_22_5497,-106.9593259,37.62263376,3,Unburned,63.7,30,0,58,1198,158,86,3549,199,244,3093,-17,-88,-99,122,-291,-148,-222,-24,-15,-16,-21,-69,-309,45,-163,18
N_22_5596,-106.9619838,37.61986791,3,Unburned,66.1,20,0,83,1260,156,85,3973,202,241,3717,-9,-71,-78,355,-309,-167,-514,10,-6,5,-14,68,-408,200,-228,267
N_22_7310,-107.0011626,37.58563068,7,Unburned,99.5,26,0,45,1132,159,93,3703,206,252,3244,-15,-25,36,90,-292,-226,-425,6,-3,0,-13,2,-107,47,83,24
N_22_7469,-106.9979454,37.57712368,1,Unburned,65.5,22,0,89,1316,159,96,3830,188,255,3460,43,49,160,583,52,-40,293,178,125,120,96,620,-114,529,-74,-78
N_22_7510,-106.941005,37.57949796,1,Unburned,133.3,31,0,85,1498,145,104,3676,192,249,3203,28,-42,-12,245,-150,-109,-796,67,34,28,3,237,-173,179,-101,268
N_22_7525,-106.9505203,37.57789009,7,Unburned,145.4,23,0,40,1942,138,116,3923,192,254,3475,17,-18,8,184,-61,14,-228,42,20,33,19,205,-127,190,-1,-84
N_22_7527,-106.9483026,37.57795377,1,Unburned,125.1,16,0,29,1733,144,111,3550,189,255,2867,40,-58,52,29,74,68,-209,57,42,45,46,275,50,99,74,607
N_22_7537,-106.9577772,37.57480491,1,Unburned,93.3,22,0,62,1963,151,96,3909,192,247,3283,34,-30,45,362,49,48,-345,123,98,87,73,538,-120,325,24,-13
N_22_9105,-106.835118,37.52608144,3,Unburned,100.4,16,0,67,716,143,102,2497,185,245,2308,-23,-40,-31,139,-158,-114,-139,-15,20,47,4,185,-198,55,-136,-5
N_22_9192,-106.8455025,37.51813284,3,Unburned,101.4,24,0,86,649,145,112,2961,188,257,2804,-112,-118,-180,171,-439,-342,-271,-72,-51,-66,-43,-344,-508,-35,-388,-22
N_23_10230,-106.7713743,37.46955499,3,Unburned,112.7,20,0,39,424,150,106,2744,196,256,2586,-75,-61,-24,261,-191,-104,593,9,-1,32,31,103,-303,141,-138,-109
N_23_10253,-106.8143611,37.46330578,1,Unburned,75.1,31,0,51,1344,172,56,4801,211,228,4902,-44,-90,-204,33,-763,-522,-967,-183,-202,-96,-104,-635,-558,-143,-739,-9
N_23_11369,-107.2875148,37.73493008,3,Unburned,18.7,6,0,52,783,111,217,2256,200,328,2081,17,20,6,85,-64,-44,84,4,17,29,7,147,-103,52,-53,107
N_23_2942,-106.9980967,37.68262531,4,Unburned,25.9,16,0,75,513,143,147,2426,183,290,2102,28,25,16,29,100,24,-227,62,41,16,-15,183,68,68,133,-112
N_23_7374,-106.9977234,37.58194893,1,Unburned,72.1,18,0,86,2101,158,94,4160,194,252,3044,-60,-57,-11,373,-245,-79,717,68,38,38,39,228,-299,263,-19,38
N_23_8883,-106.8733373,37.53444849,1,Unburned,66.5,22,0,82,1467,152,111,4027,204,263,3604,123,176,98,-578,-80,-66,12,-126,-123,-42,-47,-317,437,-168,-276,3
N_23_9158,-106.8431124,37.52262231,3,Unburned,179.6,20,0,55,1089,131,99,2955,205,230,2532,-57,-79,-57,126,-122,-190,-2,-32,-1,-9,15,-93,-219,-1,-146,-4
N_23_9875,-106.84374,37.48052439,3,Unburned,113,26,0,28,1857,149,92,4055,195,241,3739,-69,-173,-203,479,-710,-404,-1248,-89,-64,-49,-54,-284,-680,190,-426,292
N_24_11379,-107.2592039,37.73267377,4,Unburned,48.8,23,0,34,925,146,134,2628,215,280,2264,83,113,70,-60,89,85,-239,10,1,22,-17,136,186,24,56,47
N_24_11404,-107.2652535,37.72119407,4,Unburned,58.1,14,0,34,1684,100,211,2611,187,311,2023,60,8,2,275,-172,-101,-112,20,19,49,-10,259,-197,236,-142,53
N_24_11902,-107.1554884,37.81998404,4,Unburned,87.7,20,0,38,1026,142,120,2996,188,262,2751,-11,-115,-186,90,-244,-198,-1174,-71,-50,-79,-64,-317,-322,-70,-202,29
N_24_11982,-107.2385081,37.80796352,4,Unburned,46,23,0,61,976,112,157,2244,193,269,1844,117,71,90,-11,68,-59,41,-18,9,58,19,210,148,65,-48,-88
N_24_16,-107.2489518,37.80141142,4,Unburned,33.4,21,0,69,761,114,162,2358,238,276,2067,54,48,3,27,10,-37,7,-2,13,38,2,153,37,64,-60,24
N_24_21,-107.1274281,37.80571534,4,Unburned,49.5,15,0,57,533,85,225,2394,222,310,2155,-63,-98,-129,249,-302,-217,-926,-28,-16,-47,-31,-199,-412,63,-234,-203
N_24_5395,-106.960519,37.62794009,7,Unburned,98.1,22,0,56,1108,148,117,3018,204,265,2686,-65,-120,-85,499,-185,-93,146,85,77,46,30,297,-483,290,-55,44
N_24_8660,-106.7815313,37.54772101,2,Unburned,47.9,25,0,70,768,133,125,2752,182,258,2330,-24,-40,-66,202,-148,-81,-268,4,6,-2,-19,23,-215,88,-113,-124
N_24_8872,-106.8047412,37.54137517,2,Unburned,169.3,34,0,68,378,139,150,2911,198,289,2817,-32,-26,-64,257,-98,-62,98,19,30,3,-5,36,-165,140,-30,-8
N_24_9041,-106.8109198,37.5319707,2,Unburned,125.5,45,0,86,938,138,114,3288,182,252,3017,-108,-207,-224,946,-826,-511,-428,-56,-38,10,-51,101,-346,445,-608,14
N_24_9096,-106.8502176,37.52625133,3,Unburned,72.7,32,0,42,799,163,94,3330,194,257,2806,-115,-108,-125,134,-225,-250,28,-11,14,-36,-6,-205,-346,11,-216,9
N_24_9102,-106.821246,37.52660266,3,Unburned,275.1,42,0,85,943,136,163,3357,195,299,2990,-36,-43,-76,112,-246,-155,-333,-19,-21,-27,-36,-110,-237,8,-167,2
N_24_9166,-106.8427482,37.52115897,3,Unburned,114.5,29,0,25,505,149,123,2764,189,272,2671,27,-9,-31,30,-82,-133,-228,-36,-12,-12,-7,-27,-78,-4,-122,-7
N_24_9486,-106.8536768,37.50782076,3,Unburned,104.1,42,0,64,1085,145,122,3470,185,267,2782,34,28,-39,-106,-55,-76,-511,-47,-36,-33,-47,-150,-43,-99,-98,17
N_31_10033,-106.7717939,37.47200012,3,Unburned,147.9,27,0,3,1008,160,88,3690,190,248,3399,-83,-90,-26,516,-178,-86,803,66,63,60,39,270,-469,349,-85,-272
N_31_10469,-106.8252408,37.45040348,1,Unburned,56.1,31,352,45,784,164,89,2848,199,253,2754,-62,-151,-132,534,-366,-273,-12,60,53,40,25,223,-624,251,-339,-52
N_31_11103,-106.8315426,37.42187135,3,Unburned,209.2,20,0,63,1747,137,131,4440,175,268,3907,-7,-12,11,325,-52,16,32,55,55,33,25,216,-199,259,26,21
N_31_5193,-106.9617697,37.63758028,7,Unburned,42.4,18,0,63,876,159,84,2776,206,243,2610,-17,-71,-49,303,-250,-120,-241,31,21,28,-2,196,-275,139,-127,296
N_31_5496,-106.9601976,37.62131251,3,Unburned,45.8,15,0,80,639,165,86,2938,210,251,2787,-8,-87,-118,423,-455,-232,-928,-8,-10,-5,-36,35,-518,217,-278,-112
N_31_5843,-106.8379911,37.61677315,3,Unburned,78.1,24,0,35,683,160,111,2691,197,271,2658,-95,-137,-137,376,-324,-238,-176,65,23,-4,5,4,-505,116,-238,39
N_31_7534,-106.9576543,37.57097677,7,Unburned,144.7,20,0,44,555,159,71,2254,193,230,2013,43,5,-5,-224,27,39,-218,4,-9,-23,-20,-69,120,-82,85,-1
N_31_9979,-106.8579977,37.47310001,3,Unburned,94.2,17,0,47,830,153,96,3211,188,249,3116,-7,-61,-15,524,-115,-18,-48,95,101,76,48,509,-380,393,10,413
N_32_11365,-107.2832927,37.73563377,2,Unburned,83.3,22,0,63,868,141,126,2495,205,267,2060,111,95,44,53,87,-1,-732,25,47,47,-38,289,71,83,37,53
N_32_5388,-106.9625141,37.62840258,6,Unburned,70.2,19,0,70,780,164,92,2792,198,256,2569,-49,-87,-77,416,-138,-13,80,94,68,35,8,287,-370,260,-3,21
N_32_5487,-106.97150070000001,37.62071859,3,Unburned,33.7,18,0,77,534,142,107,2442,197,249,2342,31,-24,8,384,-44,-9,-642,157,123,103,45,675,-206,319,3,0
N_32_5597,-106.9557196,37.61818754,3,Unburned,34.4,16,0,65,463,150,94,3223,178,244,3072,20,-25,22,414,-37,47,-252,130,88,75,46,499,-235,340,68,-296
N_32_5679,-106.9604688,37.61610801,3,Unburned,87.4,19,0,73,945,157,96,3277,195,253,2945,12,-42,0,406,-85,-106,-138,113,79,78,32,478,-266,323,-172,283
N_32_9048,-106.857731,37.528062,3,Unburned,103.7,23,0,56,461,154,91,2892,186,245,2910,-76,10,35,-123,27,-15,850,8,-13,0,9,-100,63,-82,-18,18
N_32_9087,-106.846283,37.52684466,3,Unburned,110,33,0,65,964,153,92,3515,187,245,2942,-42,-38,-33,25,-80,-23,234,-15,6,-21,1,24,-102,0,-78,-39
N_32_9093,-106.8384578,37.52845382,3,Unburned,91.9,22,0,66,520,138,135,2594,194,273,2427,-56,-53,-44,89,-107,-91,165,20,-1,-7,10,-56,-165,-3,-87,-47
N_32_9160,-106.8298994,37.5222961,3,Unburned,120.4,22,0,91,1650,144,113,3410,183,257,2835,-27,-92,-22,407,-41,-89,239,115,95,66,44,466,-260,309,-30,-11
N_33_11140,-107.2440459,37.80629912,3,Unburned,82.3,26,0,60,1322,109,162,2164,192,271,1737,5,-63,-63,288,-209,-186,-325,26,52,45,3,253,-318,155,-183,77
N_33_11376,-107.2604378,37.73332597,4,Unburned,52.7,19,0,61,1588,116,185,2864,201,301,2171,183,135,130,183,235,232,-1720,161,130,139,3,873,179,301,258,117
N_33_11975,-107.1619789,37.81466535,4,Unburned,100.8,22,0,26,723,123,138,2717,211,261,2376,28,-40,-64,314,-102,-48,-361,62,58,44,0,322,-263,226,-37,-50
N_33_3,-107.2470652,37.80324072,4,Unburned,68.7,20,0,57,1227,131,151,2572,195,282,1991,24,-4,-145,104,-197,-163,-282,-33,-8,-24,-53,-46,-197,17,-173,9
N_33_4352,-107.0384603,37.64350728,3,Unburned,126.8,12,0,71,834,128,133,2888,197,261,2554,6,62,67,-66,83,124,585,69,34,50,15,282,110,107,102,-184
N_33_8644,-106.770792,37.54974819,2,Unburned,40.1,27,0,73,861,139,143,2811,175,282,2466,7,-43,-41,349,-125,0,-1001,65,41,25,-3,243,-219,201,-13,-309
N_33_8651,-106.7726576,37.54822412,7,Unburned,72.4,22,0,65,973,142,113,3426,187,255,3129,13,-10,-16,262,-32,26,-494,57,47,18,-11,221,-159,207,38,-357
N_34_11173,-107.1277405,37.80947656,4,Unburned,76.2,16,0,18,878,95,224,2741,195,319,2274,-18,-42,-75,198,-121,-30,-174,42,22,7,-10,119,-215,105,-41,-53
N_34_11403,-107.2613631,37.72122374,7,Unburned,38.6,16,0,69,1175,105,219,2692,195,324,2473,1,-71,-68,558,-352,-193,-134,67,60,78,0,446,-548,348,-229,-103
N_34_11912,-107.1459304,37.82219526,4,Unburned,52,21,0,36,843,121,185,3029,202,306,2677,-71,-87,-123,424,-198,-223,-415,32,40,-7,-31,76,-429,182,-99,-32
N_34_11957,-107.1637564,37.81640798,4,Unburned,39.6,14,0,3,659,129,131,2711,190,260,2413,34,9,17,180,31,20,-130,56,58,46,8,298,-67,162,53,65
N_34_20,-107.2529496,37.7984243,4,Unburned,65.2,33,0,61,1403,122,156,2860,194,278,2256,-7,-33,7,414,-59,-95,272,101,104,105,51,527,-325,316,-54,-25
N_34_8693,-106.7940225,37.54325092,2,Unburned,63.2,28,0,92,1805,124,153,3148,182,277,2654,-4,-77,-92,413,-310,-175,-1146,37,30,15,-3,175,-405,255,-175,-16
N_34_9082,-106.8068653,37.53090626,2,Unburned,65.6,34,0,93,1132,129,137,3318,192,266,3054,-5,-79,-87,445,-183,-94,-1250,49,51,16,-24,201,-418,272,-67,200
N_34_9099,-106.8497313,37.5253487,3,Unburned,125.5,34,0,61,820,152,97,2820,194,249,2432,-59,-125,-141,228,-171,-202,-509,-15,15,-32,-17,-95,-406,43,-120,-3
N_34_9104,-106.8156787,37.52707595,3,Unburned,109.1,22,0,94,1603,136,144,3594,183,280,3131,-15,-73,-44,418,-177,-79,-1111,53,45,4,-17,152,-394,240,-64,253
N_41_10019,-106.7787328,37.47421207,3,Unburned,116,22,0,49,1111,146,112,3427,198,258,3105,-60,-120,-98,614,-446,-267,-365,15,38,49,15,250,-648,341,-309,-148
N_41_10031,-106.7814526,37.4716025,1,Unburned,110,21,0,60,869,152,98,3520,198,250,3051,-22,-42,13,591,-220,-88,509,73,64,87,71,479,-275,444,-93,24
N_41_10813,-106.8333148,37.43661546,3,Unburned,149.2,27,0,60,1711,140,122,3928,177,262,3249,-46,-73,-49,412,-289,-202,-273,-10,7,24,18,107,-441,244,-223,-37
N_41_10973,-106.8330345,37.42790467,3,Unburned,149.2,30,0,62,2094,137,153,4113,186,290,3357,-61,-62,0,501,-207,-77,801,65,50,63,61,329,-405,360,-96,-34
N_41_10975,-106.8322905,37.42890759,3,Unburned,127.7,34,0,44,2022,139,162,4828,185,301,4162,-104,-104,-49,474,-190,-135,549,-11,19,0,29,-41,-455,285,-97,44
N_41_11096,-106.8422521,37.4212813,3,Unburned,104.7,28,0,63,2722,124,159,4226,186,283,3352,3,-56,-2,485,-178,-51,-227,50,50,51,51,308,-354,366,-34,-150
N_41_11157,-107.267802,37.80169871,4,Unburned,64.5,26,0,61,831,133,139,2352,198,272,1940,45,-3,-54,18,-260,-316,-645,-117,-61,-29,-41,-206,-201,-48,-351,1
N_41_11160,-107.2731513,37.80281211,7,Unburned,16.8,8,0,48,941,123,165,2372,194,288,1982,-43,-21,-40,277,-331,-231,-238,-9,1,32,-16,144,-359,156,-294,-32
N_41_11162,-107.2677785,37.80018524,4,Unburned,54.3,24,0,66,937,137,131,2254,194,268,1851,37,40,16,31,-212,-224,-240,-68,-42,21,-12,-41,-98,42,-293,11
N_41_11163,-107.2726355,37.80006457,7,Unburned,43.9,21,0,53,1217,136,134,2779,205,270,2189,-33,-28,-91,78,-350,-322,-900,-109,-74,-48,-57,-299,-331,-29,-387,-58
N_41_11366,-107.2648468,37.73577353,7,Unburned,125.7,6,0,50,1597,129,162,3268,206,291,2664,127,103,96,197,38,40,-544,75,67,114,-1,622,23,270,2,98
N_41_11407,-107.2628857,37.71943725,3,Unburned,34.4,12,0,68,1324,119,126,2429,189,245,1950,86,-4,11,255,28,48,18246,153,132,92,6,744,-95,236,88,0
N_41_3005,-106.9970406,37.68087686,3,Unburned,43.2,13,0,44,911,112,153,2183,175,265,1841,38,17,40,86,101,78,2010,164,122,85,39,601,72,144,140,0
N_41_5381,-106.9601235,37.62970403,6,Unburned,37.4,25,0,66,702,159,102,2715,203,261,2485,-40,-72,-67,431,-154,7,225,94,70,42,10,340,-375,279,-16,17
N_41_5767,-106.8344355,37.62100119,3,Unburned,62.8,14,0,36,976,153,103,3182,206,256,3018,-57,-108,-118,645,-172,35,-472,52,72,28,2,305,-630,351,50,406
N_41_5768,-106.8328951,37.62009687,3,Unburned,78,25,0,45,1223,152,100,3210,201,252,2984,-96,-152,-138,656,-231,137,-61,208,129,69,26,573,-585,400,147,56
N_41_6431,-106.8421341,37.61341003,3,Unburned,45.1,21,0,63,938,129,118,3110,207,247,2680,-29,-102,-105,336,-229,-162,-615,9,16,-7,-12,40,-390,143,-82,-106
N_42_1,-107.2494128,37.80499819,4,Unburned,51.9,22,0,58,1086,79,189,2264,192,268,1876,29,6,2,-11,-65,-88,-23,-45,-22,3,0,-47,-19,-12,-11,-118
N_42_11027,-106.829903,37.42553783,3,Unburned,67.5,26,0,72,1893,115,169,3530,175,284,2829,-20,-67,-53,524,-308,-148,-1059,49,31,46,29,282,-475,349,-189,-66
N_42_11368,-107.2713608,37.73580133,2,Unburned,84.5,16,0,75,1353,151,140,3462,210,291,2797,74,36,20,-77,10,-62,-358,-32,-9,-1,-20,-4,72,-40,-58,114
N_42_3221,-107.0324688,37.66651013,3,Unburned,69.7,21,0,72,1055,136,120,3153,189,256,2766,54,81,63,-97,161,164,-395,61,24,29,-16,228,222,9,148,60
N_42_5397,-106.9594661,37.62754303,7,Unburned,99.3,15,0,88,1179,154,110,3237,201,264,2821,-26,-69,-52,543,-171,-12,6,121,89,62,14,451,-431,380,-5,26
N_42_5485,-106.9736087,37.62373844,3,Unburned,73.3,24,0,78,1196,128,148,2483,193,276,2052,105,107,136,30,116,159,292,98,40,84,33,401,194,90,106,0
N_42_5488,-106.971872,37.62319072,3,Unburned,46.1,21,0,75,1263,139,118,2627,203,257,2211,51,69,124,108,112,195,1093,118,103,69,54,352,71,182,139,155
N_42_5594,-106.9555963,37.61996497,1,Unburned,55.4,23,0,76,1625,153,89,3995,195,242,3637,-43,-128,-71,1016,-401,-192,-274,137,102,92,39,619,-840,709,-223,37
N_42_726,-107.2532249,37.73568998,7,Unburned,39.9,10,0,50,1878,112,175,3155,198,287,2505,58,35,45,293,75,105,82,135,115,103,24,655,-67,300,137,102
N_43_11363,-107.2748427,37.73723006,4,Unburned,73.2,16,0,61,1359,140,135,3378,213,275,2757,36,38,23,76,14,-44,-79,7,26,-6,-16,167,31,56,-19,53
N_43_2383,-106.9179263,37.690535680000004,3,Unburned,78.8,21,0,36,1420,101,194,3004,189,295,2389,27,27,78,137,248,177,960,121,102,79,64,487,61,195,227,-101
N_43_2468,-106.9152173,37.6875066,3,Unburned,107.1,22,0,62,1806,130,146,3328,187,276,2489,91,96,114,-22,220,229,87,84,64,75,23,446,243,102,221,-129
N_44_8625,-106.7695096,37.55200251,7,Unburned,68.5,25,0,68,1184,135,137,3105,175,272,2696,22,-27,-2,468,-48,60,-606,136,103,76,30,558,-307,372,79,712
N_44_8655,-106.7812353,37.54907735,7,Unburned,66.4,15,0,62,1224,127,138,2342,172,265,1908,9,-31,-51,222,-120,-67,-1860,47,31,22,-2,221,-208,161,-102,-145
N_44_9081,-106.8089847,37.52916144,3,Unburned,100.7,29,0,82,2566,140,143,4538,196,283,3850,-63,-99,-70,763,-289,-129,-421,71,66,38,0,327,-646,549,-112,-1
